sast_id,sast_type,sast_severity,sast_file,sast_line,sast_description,sast_cwe,sast_tool,dast_id,dast_type,dast_severity,dast_endpoint,dast_description,dast_cwe,dast_tool,is_correlated,confidence,cve_reference
SAST-00478,SQL_INJECTION,CRITICAL,api/controllers/payments.py,475,"Raw SQL query built with string formatting in update_profile, vulnerable to injection attack",CWE-89,bandit,DAST-00478,SQL_INJECTION,CRITICAL,/api/v1/billing,SQL error in HTTP response after injection probe on 'callback': MySQL syntax error exposed,CWE-89,http-scanner,1,0.83,CVE-2023-73070
SAST-00721,SQL_INJECTION,HIGH,api/controllers/profile.py,110,"Raw SQL query built with string formatting in search, vulnerable to injection attack",CWE-89,semgrep,DAST-00721,SQL_INJECTION,HIGH,/api/v1/products,UNION-based injection confirmed at 'callback': database rows returned in response,CWE-89,owasp-zap,0,0.31,CVE-2021-25880
SAST-00312,COMMAND_INJECTION,CRITICAL,api/controllers/search.py,354,"Popen with shell=True and user input 'next', command injection vector in search",CWE-78,bandit,DAST-00312,SECURITY_MISCONFIG,MEDIUM,/api/v1/search,Server error reveals internal configuration details at /api/v1/search,CWE-693,owasp-zap,1,0.8,CVE-2023-51110
SAST-00660,SQL_INJECTION,HIGH,api/controllers/search.py,46,Unparameterized cursor.execute() call detected; parameter 'next' not sanitized,CWE-89,semgrep,DAST-00660,SQL_INJECTION,CRITICAL,/api/v1/products,Error-based SQLi: PostgreSQL exception message in response body for 'user_id',CWE-89,owasp-zap,0,0.61,CVE-2024-59980
SAST-00823,OPEN_REDIRECT,MEDIUM,api/controllers/billing.py,418,Open redirect: flask/django redirect uses unvalidated 'token' parameter in get_user,CWE-601,bandit,DAST-00823,OPEN_REDIRECT,MEDIUM,/api/v1/search,Open redirect confirmed: server redirects to evil.example.com without validation,CWE-601,http-scanner,0,0.31,CVE-2022-44520
SAST-00115,INFO_DISCLOSURE,MEDIUM,api/controllers/auth.py,338,Internal file path exposed in error message at line 47 in search,CWE-200,semgrep,DAST-00115,INFO_DISCLOSURE,LOW,/api/v1/auth,Server version and framework details exposed in X-Powered-By header,CWE-200,owasp-zap,1,0.96,CVE-2024-79540
SAST-00901,INSECURE_DESERIALIZATION,HIGH,api/controllers/admin.py,356,marshal.loads() on user-controlled bytes in admin at line 59,CWE-502,bandit,DAST-00901,COMMAND_INJECTION,CRITICAL,/api/v1/payments,OS command output detected in HTTP response after injection probe on 'filter',CWE-78,http-scanner,0,0.17,CVE-2022-18690
SAST-00631,SENSITIVE_DATA_EXPOSURE,MEDIUM,api/controllers/payments.py,389,PII returned in API response without field filtering in payments,CWE-200,semgrep,DAST-00631,SENSITIVE_DATA_EXPOSURE,MEDIUM,/api/v1/orders,Password hash returned in API response at /api/v1/orders without authorization,CWE-200,owasp-zap,0,0.58,CVE-2021-95510
SAST-01102,PATH_TRAVERSAL,HIGH,api/controllers/inventory.py,210,Path traversal: open() called with user-supplied filename 'user_id' at line 37,CWE-22,semgrep,DAST-01102,BROKEN_AUTH,HIGH,/api/v1/auth,"Session not invalidated after logout, token still valid at /api/v1/auth",CWE-287,owasp-zap,0,0.12,CVE-2022-62390
SAST-00101,SENSITIVE_DATA_EXPOSURE,MEDIUM,api/controllers/users.py,239,Credit card number present in debug log output at line 325,CWE-200,bandit,DAST-00101,SENSITIVE_DATA_EXPOSURE,LOW,/api/v1/users,PII data accessible via /api/v1/users without proper access control,CWE-200,http-scanner,1,0.84,CVE-2023-18810
SAST-00802,INFO_DISCLOSURE,MEDIUM,api/controllers/auth.py,230,Internal file path exposed in error message at line 467 in process_payment,CWE-200,semgrep,DAST-00802,INFO_DISCLOSURE,MEDIUM,/api/v1/search,Server version and framework details exposed in X-Powered-By header,CWE-200,http-scanner,0,0.29,CVE-2021-76270
SAST-01249,PATH_TRAVERSAL,HIGH,api/controllers/search.py,136,"File path from request not normalized in process_payment, directory traversal possible",CWE-22,semgrep,DAST-01249,RATE_LIMITING,MEDIUM,/api/v1/orders,"Authentication endpoint /api/v1/orders lacks rate limiting, brute force possible",CWE-770,owasp-zap,0,0.19,CVE-2022-80290
SAST-00628,XSS,MEDIUM,api/controllers/auth.py,150,"Unsafe document.write() with request data in auth, XSS vector",CWE-79,bandit,DAST-00628,XSS,MEDIUM,/api/v1/search,Stored XSS confirmed: payload injected via 'callback' persists and executes,CWE-79,http-scanner,0,0.46,CVE-2022-71660
SAST-00654,SENSITIVE_DATA_EXPOSURE,MEDIUM,api/controllers/profile.py,433,PII returned in API response without field filtering in profile,CWE-200,semgrep,DAST-00654,SENSITIVE_DATA_EXPOSURE,MEDIUM,/api/v1/inventory,API key visible in HTTP response body at /api/v1/inventory,CWE-200,owasp-zap,0,0.31,CVE-2023-49850
SAST-00865,HARDCODED_CREDENTIALS,HIGH,api/controllers/admin.py,481,"Hardcoded password literal at line 221 in admin, should use environment variable",CWE-798,semgrep,DAST-00865,SENSITIVE_DATA_EXPOSURE,MEDIUM,/api/v1/admin,API key visible in HTTP response body at /api/v1/admin,CWE-200,http-scanner,0,0.41,CVE-2023-42670
SAST-00220,XSS,MEDIUM,api/controllers/profile.py,160,Cross-site scripting risk: innerHTML assignment with user-controlled content in process_payment,CWE-79,bandit,DAST-00220,XSS,HIGH,/api/v1/profile,Reflected XSS: <script>alert(1)</script> echoed unescaped in response for 'user_id',CWE-79,owasp-zap,1,0.91,CVE-2021-71010
SAST-01165,WEAK_CRYPTO,MEDIUM,api/controllers/billing.py,67,MD5 hash used for password storage in handle_data — use bcrypt or Argon2,CWE-327,semgrep,DAST-01165,CORS_MISCONFIGURATION,MEDIUM,/api/v1/payments,Server reflects arbitrary Origin header without validation at /api/v1/payments,CWE-942,owasp-zap,0,0.23,CVE-2024-77300
SAST-00700,SENSITIVE_DATA_EXPOSURE,LOW,api/controllers/profile.py,100,PII returned in API response without field filtering in profile,CWE-200,bandit,DAST-00700,SENSITIVE_DATA_EXPOSURE,MEDIUM,/api/v1/products,API key visible in HTTP response body at /api/v1/products,CWE-200,http-scanner,0,0.58,CVE-2024-49700
SAST-00538,SQL_INJECTION,HIGH,api/controllers/auth.py,164,"Dynamic SQL constructed via f-string concatenation at line 322, inject risk in auth",CWE-89,bandit,DAST-00538,SQL_INJECTION,HIGH,/api/v1/users,SQL error in HTTP response after injection probe on 'page': MySQL syntax error exposed,CWE-89,http-scanner,1,0.75,CVE-2023-99420
SAST-00184,OPEN_REDIRECT,MEDIUM,api/controllers/profile.py,454,User-controlled URL 'query' used in redirect without domain whitelist at line 406,CWE-601,semgrep,DAST-00184,OPEN_REDIRECT,MEDIUM,/api/v1/profile,Open redirect confirmed: server redirects to evil.example.com without validation,CWE-601,owasp-zap,1,0.98,CVE-2022-58830
SAST-00649,SENSITIVE_DATA_EXPOSURE,LOW,api/controllers/auth.py,114,PII returned in API response without field filtering in auth,CWE-200,semgrep,DAST-00649,SENSITIVE_DATA_EXPOSURE,LOW,/api/v1/admin,Password hash returned in API response at /api/v1/admin without authorization,CWE-200,owasp-zap,0,0.38,CVE-2022-14460
SAST-01041,OPEN_REDIRECT,MEDIUM,api/controllers/products.py,220,Open redirect: flask/django redirect uses unvalidated 'email' parameter in update_profile,CWE-601,semgrep,DAST-01041,MISSING_SECURITY_HEADERS,LOW,/api/v1/billing,"X-Frame-Options not set, clickjacking attack vector exists at /api/v1/billing",CWE-693,owasp-zap,0,0.13,CVE-2021-49780
SAST-01053,PATH_TRAVERSAL,HIGH,api/controllers/products.py,185,os.path.join with user input 'name' missing path.resolve() in products,CWE-22,bandit,DAST-01053,BROKEN_AUTH,HIGH,/api/v1/products,Endpoint /api/v1/products accessible without valid session token,CWE-287,owasp-zap,0,0.33,CVE-2024-71510
SAST-01073,PATH_TRAVERSAL,HIGH,api/controllers/auth.py,167,os.path.join with user input 'id' missing path.resolve() in auth,CWE-22,bandit,DAST-01073,COMMAND_INJECTION,HIGH,/api/v1/billing,"Server returns /etc/passwd content, command injection confirmed at /api/v1/billing",CWE-78,owasp-zap,0,0.49,CVE-2021-71940
SAST-00892,PATH_TRAVERSAL,HIGH,api/controllers/admin.py,495,Path traversal: open() called with user-supplied filename 'page' at line 88,CWE-22,bandit,DAST-00892,BROKEN_AUTH,HIGH,/api/v1/admin,JWT accepted without signature verification at /api/v1/admin,CWE-287,http-scanner,0,0.24,CVE-2023-21230
SAST-00044,COMMAND_INJECTION,CRITICAL,api/controllers/profile.py,138,"Popen with shell=True and user input 'token', command injection vector in profile",CWE-78,semgrep,DAST-00044,COMMAND_INJECTION,HIGH,/api/v1/profile,OS command output detected in HTTP response after injection probe on 'next',CWE-78,http-scanner,1,0.94,CVE-2024-83820
SAST-00759,SQL_INJECTION,HIGH,api/controllers/users.py,187,Unparameterized cursor.execute() call detected; parameter 'user_id' not sanitized,CWE-89,semgrep,DAST-00759,SQL_INJECTION,CRITICAL,/api/v1/billing,Error-based SQLi: PostgreSQL exception message in response body for 'id',CWE-89,http-scanner,0,0.37,CVE-2022-60970
SAST-00471,COMMAND_INJECTION,HIGH,api/controllers/payments.py,400,exec() invoked with dynamic string from user data in handle_data at line 36,CWE-78,semgrep,DAST-00471,COMMAND_INJECTION,HIGH,/api/v1/billing,RCE confirmed: shell command output in response body for parameter 'token',CWE-78,http-scanner,1,0.74,CVE-2021-63890
SAST-00842,XSS,MEDIUM,api/controllers/profile.py,237,"Unsafe document.write() with request data in profile, XSS vector",CWE-79,semgrep,DAST-00842,XSS,HIGH,/api/v1/auth,Reflected XSS: <script>alert(1)</script> echoed unescaped in response for 'token',CWE-79,owasp-zap,0,0.54,CVE-2021-91690
SAST-00494,COMMAND_INJECTION,CRITICAL,api/controllers/orders.py,54,exec() invoked with dynamic string from user data in get_user at line 74,CWE-78,bandit,DAST-00494,COMMAND_INJECTION,HIGH,/api/v1/inventory,OS command output detected in HTTP response after injection probe on 'id',CWE-78,owasp-zap,1,0.76,CVE-2022-15120
SAST-01259,WEAK_CRYPTO,MEDIUM,api/controllers/inventory.py,93,"random.random() used for security token generation at line 92, use secrets module",CWE-327,semgrep,DAST-01259,CORS_MISCONFIGURATION,HIGH,/api/v1/products,Server reflects arbitrary Origin header without validation at /api/v1/products,CWE-942,owasp-zap,0,0.12,CVE-2021-97470
SAST-00196,INFO_DISCLOSURE,LOW,api/controllers/inventory.py,200,Exception stack trace returned to client in inventory,CWE-200,bandit,DAST-00196,INFO_DISCLOSURE,MEDIUM,/api/v1/inventory,Stack trace with internal file paths returned in HTTP 500 response at /api/v1/inventory,CWE-200,owasp-zap,1,0.86,CVE-2021-60500
SAST-01110,HARDCODED_CREDENTIALS,HIGH,api/controllers/search.py,151,"Hardcoded password literal at line 344 in search, should use environment variable",CWE-798,bandit,DAST-01110,MISSING_SECURITY_HEADERS,LOW,/api/v1/payments,"Strict-Transport-Security missing, HTTP downgrade possible at /api/v1/payments",CWE-693,http-scanner,0,0.4,CVE-2021-64160
SAST-00548,XSS,MEDIUM,api/controllers/orders.py,481,"Unsafe document.write() with request data in orders, XSS vector",CWE-79,bandit,DAST-00548,XSS,MEDIUM,/api/v1/inventory,DOM-based XSS via 'id' parameter in endpoint /api/v1/inventory,CWE-79,http-scanner,1,0.81,CVE-2024-73090
SAST-00427,COMMAND_INJECTION,CRITICAL,api/controllers/billing.py,103,os.system() receives unsanitized request parameter 'user_id' at line 99,CWE-78,bandit,DAST-00427,SECURITY_MISCONFIG,MEDIUM,/api/v1/billing,HTTP 500 with verbose error message and stack trace at /api/v1/billing,CWE-693,owasp-zap,1,0.76,CVE-2023-72260
SAST-01010,INFO_DISCLOSURE,MEDIUM,api/controllers/billing.py,263,Internal file path exposed in error message at line 293 in update_profile,CWE-200,bandit,DAST-01010,CORS_MISCONFIGURATION,HIGH,/api/v1/billing,CORS wildcard Access-Control-Allow-Origin: * at /api/v1/billing with credentials,CWE-942,http-scanner,0,0.2,CVE-2021-79840
SAST-00994,INSECURE_DESERIALIZATION,CRITICAL,api/controllers/profile.py,90,marshal.loads() on user-controlled bytes in profile at line 339,CWE-502,bandit,DAST-00994,CORS_MISCONFIGURATION,MEDIUM,/api/v1/profile,CORS misconfiguration allows cross-origin reads from attacker domain,CWE-942,http-scanner,0,0.44,CVE-2022-26690
SAST-00940,HARDCODED_CREDENTIALS,HIGH,api/controllers/products.py,415,Database credential hardcoded in products at line 128,CWE-798,semgrep,DAST-00940,INFO_DISCLOSURE,MEDIUM,/api/v1/admin,Stack trace with internal file paths returned in HTTP 500 response at /api/v1/admin,CWE-200,owasp-zap,0,0.24,CVE-2023-73310
SAST-00643,INFO_DISCLOSURE,MEDIUM,api/controllers/profile.py,255,Exception stack trace returned to client in profile,CWE-200,semgrep,DAST-00643,INFO_DISCLOSURE,LOW,/api/v1/users,Stack trace with internal file paths returned in HTTP 500 response at /api/v1/users,CWE-200,http-scanner,0,0.31,CVE-2024-12160
SAST-01096,XSS,MEDIUM,api/controllers/orders.py,47,Jinja2 template renders user input without autoescaping in get_user at line 500,CWE-79,bandit,DAST-01096,SENSITIVE_DATA_EXPOSURE,LOW,/api/v1/admin,PII data accessible via /api/v1/admin without proper access control,CWE-200,http-scanner,0,0.28,CVE-2024-81950
SAST-00666,SENSITIVE_DATA_EXPOSURE,LOW,api/controllers/profile.py,352,Credit card number present in debug log output at line 467,CWE-200,bandit,DAST-00666,SENSITIVE_DATA_EXPOSURE,MEDIUM,/api/v1/products,Password hash returned in API response at /api/v1/products without authorization,CWE-200,owasp-zap,0,0.4,CVE-2024-14660
SAST-00076,INFO_DISCLOSURE,MEDIUM,api/controllers/payments.py,339,Exception stack trace returned to client in payments,CWE-200,semgrep,DAST-00076,INFO_DISCLOSURE,LOW,/api/v1/payments,Internal IP address and hostname exposed in response headers at /api/v1/payments,CWE-200,owasp-zap,1,0.97,CVE-2023-41090
SAST-00298,OPEN_REDIRECT,MEDIUM,api/controllers/billing.py,494,User-controlled URL 'next' used in redirect without domain whitelist at line 406,CWE-601,semgrep,DAST-00298,OPEN_REDIRECT,MEDIUM,/api/v1/billing,HTTP 302 redirect to attacker-controlled domain via 'email' parameter,CWE-601,http-scanner,1,0.85,CVE-2024-74590
SAST-01151,PATH_TRAVERSAL,HIGH,api/controllers/search.py,213,Path traversal: open() called with user-supplied filename 'name' at line 333,CWE-22,semgrep,DAST-01151,RATE_LIMITING,MEDIUM,/api/v1/orders,No rate limit: 15 rapid requests to /api/v1/orders completed without throttling,CWE-770,owasp-zap,0,0.35,CVE-2021-87600
SAST-01187,PATH_TRAVERSAL,HIGH,api/controllers/billing.py,377,os.path.join with user input 'email' missing path.resolve() in billing,CWE-22,bandit,DAST-01187,CORS_MISCONFIGURATION,MEDIUM,/api/v1/inventory,Server reflects arbitrary Origin header without validation at /api/v1/inventory,CWE-942,http-scanner,0,0.19,CVE-2022-10370
SAST-00221,COMMAND_INJECTION,HIGH,api/controllers/billing.py,230,exec() invoked with dynamic string from user data in handle_data at line 492,CWE-78,semgrep,DAST-00221,COMMAND_INJECTION,HIGH,/api/v1/billing,OS command output detected in HTTP response after injection probe on 'token',CWE-78,owasp-zap,1,0.89,CVE-2024-93970
SAST-00065,SENSITIVE_DATA_EXPOSURE,MEDIUM,api/controllers/search.py,111,PII returned in API response without field filtering in search,CWE-200,bandit,DAST-00065,SENSITIVE_DATA_EXPOSURE,MEDIUM,/api/v1/search,PII data accessible via /api/v1/search without proper access control,CWE-200,owasp-zap,1,0.99,CVE-2023-89390
SAST-00862,COMMAND_INJECTION,CRITICAL,api/controllers/payments.py,441,Command injection risk: subprocess call with user-controlled argument in handle_data,CWE-78,semgrep,DAST-00862,XSS,HIGH,/api/v1/inventory,DOM-based XSS via 'filter' parameter in endpoint /api/v1/inventory,CWE-79,owasp-zap,0,0.09,CVE-2024-58200
SAST-00620,OPEN_REDIRECT,MEDIUM,api/controllers/products.py,183,User-controlled URL 'token' used in redirect without domain whitelist at line 477,CWE-601,bandit,DAST-00620,OPEN_REDIRECT,MEDIUM,/api/v1/users,Open redirect confirmed: server redirects to evil.example.com without validation,CWE-601,owasp-zap,0,0.28,CVE-2023-87960
SAST-00458,COMMAND_INJECTION,CRITICAL,api/controllers/orders.py,264,os.system() receives unsanitized request parameter 'filter' at line 267,CWE-78,bandit,DAST-00458,COMMAND_INJECTION,CRITICAL,/api/v1/inventory,RCE confirmed: shell command output in response body for parameter 'token',CWE-78,http-scanner,1,0.78,CVE-2021-59360
SAST-00849,OPEN_REDIRECT,MEDIUM,api/controllers/users.py,250,User-controlled URL 'user_id' used in redirect without domain whitelist at line 470,CWE-601,semgrep,DAST-00849,OPEN_REDIRECT,MEDIUM,/api/v1/payments,Open redirect confirmed: server redirects to evil.example.com without validation,CWE-601,owasp-zap,0,0.32,CVE-2024-77330
SAST-01205,INSECURE_DESERIALIZATION,CRITICAL,api/controllers/profile.py,95,marshal.loads() on user-controlled bytes in profile at line 370,CWE-502,semgrep,DAST-01205,INSECURE_TRANSPORT,HIGH,/api/v1/inventory,Endpoint /api/v1/inventory served over HTTP without HTTPS redirect,CWE-319,http-scanner,0,0.24,CVE-2022-61520
SAST-01061,SQL_INJECTION,CRITICAL,api/controllers/inventory.py,336,Unparameterized cursor.execute() call detected; parameter 'token' not sanitized,CWE-89,bandit,DAST-01061,RATE_LIMITING,MEDIUM,/api/v1/admin,No rate limit: 15 rapid requests to /api/v1/admin completed without throttling,CWE-770,owasp-zap,0,0.48,CVE-2022-44760
SAST-00316,SENSITIVE_DATA_EXPOSURE,LOW,api/controllers/profile.py,77,Credit card number present in debug log output at line 279,CWE-200,bandit,DAST-00316,INFO_DISCLOSURE,MEDIUM,/api/v1/profile,Database schema information leaked in error response for malformed request,CWE-200,http-scanner,1,0.78,CVE-2021-98540
SAST-00644,XSS,MEDIUM,api/controllers/payments.py,228,Cross-site scripting risk: innerHTML assignment with user-controlled content in get_user,CWE-79,semgrep,DAST-00644,XSS,HIGH,/api/v1/search,Stored XSS confirmed: payload injected via 'query' persists and executes,CWE-79,http-scanner,0,0.34,CVE-2021-82170
SAST-00937,INSECURE_DESERIALIZATION,HIGH,api/controllers/profile.py,480,Insecure deserialization: pickle.loads() called with user-supplied data at line 335,CWE-502,semgrep,DAST-00937,INSECURE_TRANSPORT,HIGH,/api/v1/users,Endpoint /api/v1/users served over HTTP without HTTPS redirect,CWE-319,http-scanner,0,0.45,CVE-2022-99000
SAST-00661,SQL_INJECTION,CRITICAL,api/controllers/admin.py,448,"Dynamic SQL constructed via f-string concatenation at line 327, inject risk in admin",CWE-89,semgrep,DAST-00661,SQL_INJECTION,CRITICAL,/api/v1/search,Boolean-based blind SQLi detected at parameter 'callback' in endpoint /api/v1/search,CWE-89,http-scanner,0,0.37,CVE-2021-37960
SAST-00023,XSS,MEDIUM,api/controllers/users.py,101,"Unsafe document.write() with request data in users, XSS vector",CWE-79,bandit,DAST-00023,XSS,MEDIUM,/api/v1/users,DOM-based XSS via 'query' parameter in endpoint /api/v1/users,CWE-79,http-scanner,1,0.97,CVE-2024-48470
SAST-00063,COMMAND_INJECTION,HIGH,api/controllers/admin.py,135,exec() invoked with dynamic string from user data in search at line 281,CWE-78,bandit,DAST-00063,COMMAND_INJECTION,HIGH,/api/v1/admin,OS command output detected in HTTP response after injection probe on 'callback',CWE-78,owasp-zap,1,0.9,CVE-2022-13790
SAST-01276,HARDCODED_CREDENTIALS,HIGH,api/controllers/billing.py,370,Database credential hardcoded in billing at line 448,CWE-798,bandit,DAST-01276,RATE_LIMITING,MEDIUM,/api/v1/users,No rate limit: 15 rapid requests to /api/v1/users completed without throttling,CWE-770,http-scanner,0,0.31,CVE-2024-75120
SAST-00670,OPEN_REDIRECT,MEDIUM,api/controllers/products.py,277,User-controlled URL 'query' used in redirect without domain whitelist at line 401,CWE-601,bandit,DAST-00670,OPEN_REDIRECT,MEDIUM,/api/v1/admin,Open redirect confirmed: server redirects to evil.example.com without validation,CWE-601,owasp-zap,0,0.46,CVE-2023-80060
SAST-00051,OPEN_REDIRECT,MEDIUM,api/controllers/auth.py,368,User-controlled URL 'email' used in redirect without domain whitelist at line 216,CWE-601,semgrep,DAST-00051,OPEN_REDIRECT,MEDIUM,/api/v1/auth,Open redirect confirmed: server redirects to evil.example.com without validation,CWE-601,http-scanner,1,0.92,CVE-2021-26950
SAST-01022,OPEN_REDIRECT,MEDIUM,api/controllers/payments.py,206,Open redirect: flask/django redirect uses unvalidated 'email' parameter in update_profile,CWE-601,bandit,DAST-01022,RATE_LIMITING,MEDIUM,/api/v1/auth,"Authentication endpoint /api/v1/auth lacks rate limiting, brute force possible",CWE-770,http-scanner,0,0.44,CVE-2024-78480
SAST-00043,OPEN_REDIRECT,MEDIUM,api/controllers/payments.py,123,Open redirect: flask/django redirect uses unvalidated 'token' parameter in handle_data,CWE-601,semgrep,DAST-00043,OPEN_REDIRECT,MEDIUM,/api/v1/payments,Open redirect confirmed: server redirects to evil.example.com without validation,CWE-601,http-scanner,1,0.99,CVE-2023-46780
SAST-00198,SQL_INJECTION,HIGH,api/controllers/payments.py,33,Potential SQL injection: user-controlled input passed to database query without sanitization at line 251 in process_payment,CWE-89,bandit,DAST-00198,SQL_INJECTION,HIGH,/api/v1/payments,UNION-based injection confirmed at 'callback': database rows returned in response,CWE-89,owasp-zap,1,0.87,CVE-2024-12790
SAST-00730,COMMAND_INJECTION,HIGH,api/controllers/payments.py,159,"Popen with shell=True and user input 'callback', command injection vector in payments",CWE-78,semgrep,DAST-00730,COMMAND_INJECTION,HIGH,/api/v1/products,RCE confirmed: shell command output in response body for parameter 'query',CWE-78,http-scanner,0,0.6,CVE-2022-54910
SAST-00482,COMMAND_INJECTION,HIGH,api/controllers/payments.py,468,exec() invoked with dynamic string from user data in search at line 484,CWE-78,semgrep,DAST-00482,COMMAND_INJECTION,CRITICAL,/api/v1/billing,"Server returns /etc/passwd content, command injection confirmed at /api/v1/billing",CWE-78,owasp-zap,1,0.72,CVE-2021-71320
SAST-00447,PATH_TRAVERSAL,HIGH,api/controllers/orders.py,158,os.path.join with user input 'token' missing path.resolve() in orders,CWE-22,bandit,DAST-00447,INFO_DISCLOSURE,MEDIUM,/api/v1/orders,Internal IP address and hostname exposed in response headers at /api/v1/orders,CWE-200,owasp-zap,1,0.76,CVE-2024-82530
SAST-00533,COMMAND_INJECTION,CRITICAL,api/controllers/auth.py,487,os.system() receives unsanitized request parameter 'email' at line 301,CWE-78,semgrep,DAST-00533,COMMAND_INJECTION,HIGH,/api/v1/users,OS command output detected in HTTP response after injection probe on 'email',CWE-78,http-scanner,1,0.79,CVE-2024-37480
SAST-01219,PATH_TRAVERSAL,HIGH,api/controllers/payments.py,199,"File path from request not normalized in search, directory traversal possible",CWE-22,semgrep,DAST-01219,BROKEN_AUTH,HIGH,/api/v1/profile,JWT accepted without signature verification at /api/v1/profile,CWE-287,http-scanner,0,0.38,CVE-2023-66250
SAST-01260,WEAK_CRYPTO,MEDIUM,api/controllers/orders.py,18,MD5 hash used for password storage in process_payment — use bcrypt or Argon2,CWE-327,bandit,DAST-01260,INSECURE_TRANSPORT,HIGH,/api/v1/orders,Endpoint /api/v1/orders served over HTTP without HTTPS redirect,CWE-319,owasp-zap,0,0.14,CVE-2024-47000
SAST-00464,XSS,MEDIUM,api/controllers/orders.py,91,Cross-site scripting risk: innerHTML assignment with user-controlled content in get_user,CWE-79,semgrep,DAST-00464,XSS,MEDIUM,/api/v1/inventory,DOM-based XSS via 'next' parameter in endpoint /api/v1/inventory,CWE-79,owasp-zap,1,0.71,CVE-2021-65000
SAST-00078,SENSITIVE_DATA_EXPOSURE,LOW,api/controllers/inventory.py,230,Credit card number present in debug log output at line 241,CWE-200,semgrep,DAST-00078,SENSITIVE_DATA_EXPOSURE,MEDIUM,/api/v1/inventory,PII data accessible via /api/v1/inventory without proper access control,CWE-200,http-scanner,1,0.89,CVE-2022-87040
SAST-00218,COMMAND_INJECTION,HIGH,api/controllers/admin.py,430,os.system() receives unsanitized request parameter 'filter' at line 372,CWE-78,semgrep,DAST-00218,COMMAND_INJECTION,CRITICAL,/api/v1/admin,OS command output detected in HTTP response after injection probe on 'query',CWE-78,http-scanner,1,0.86,CVE-2021-80800
SAST-00561,SQL_INJECTION,CRITICAL,api/controllers/orders.py,390,"Dynamic SQL constructed via f-string concatenation at line 45, inject risk in orders",CWE-89,bandit,DAST-00561,SQL_INJECTION,CRITICAL,/api/v1/inventory,UNION-based injection confirmed at 'next': database rows returned in response,CWE-89,owasp-zap,1,0.78,CVE-2023-33360
SAST-01100,HARDCODED_CREDENTIALS,HIGH,api/controllers/orders.py,260,API key embedded as string constant in get_user — rotate and move to secrets manager,CWE-798,semgrep,DAST-01100,INSECURE_TRANSPORT,HIGH,/api/v1/admin,Endpoint /api/v1/admin served over HTTP without HTTPS redirect,CWE-319,owasp-zap,0,0.28,CVE-2022-35960
SAST-00254,INFO_DISCLOSURE,MEDIUM,api/controllers/profile.py,408,Internal file path exposed in error message at line 193 in update_profile,CWE-200,bandit,DAST-00254,INFO_DISCLOSURE,MEDIUM,/api/v1/profile,Internal IP address and hostname exposed in response headers at /api/v1/profile,CWE-200,owasp-zap,1,0.83,CVE-2023-35930
SAST-00560,XSS,HIGH,api/controllers/auth.py,347,dangerouslySetInnerHTML used without sanitization at line 278 in auth,CWE-79,bandit,DAST-00560,XSS,MEDIUM,/api/v1/users,DOM-based XSS via 'callback' parameter in endpoint /api/v1/users,CWE-79,http-scanner,1,0.72,CVE-2021-82570
SAST-01094,INFO_DISCLOSURE,LOW,api/controllers/search.py,80,Exception stack trace returned to client in search,CWE-200,semgrep,DAST-01094,COMMAND_INJECTION,CRITICAL,/api/v1/search,RCE confirmed: shell command output in response body for parameter 'callback',CWE-78,http-scanner,0,0.41,CVE-2023-37960
SAST-00240,SENSITIVE_DATA_EXPOSURE,LOW,api/controllers/admin.py,123,Credit card number present in debug log output at line 191,CWE-200,semgrep,DAST-00240,SENSITIVE_DATA_EXPOSURE,MEDIUM,/api/v1/admin,PII data accessible via /api/v1/admin without proper access control,CWE-200,http-scanner,1,0.96,CVE-2024-48370
SAST-00361,COMMAND_INJECTION,CRITICAL,api/controllers/orders.py,219,exec() invoked with dynamic string from user data in authenticate at line 236,CWE-78,bandit,DAST-00361,SECURITY_MISCONFIG,MEDIUM,/api/v1/orders,HTTP 500 with verbose error message and stack trace at /api/v1/orders,CWE-693,owasp-zap,1,0.69,CVE-2022-17160
SAST-00527,COMMAND_INJECTION,HIGH,api/controllers/orders.py,92,"Popen with shell=True and user input 'name', command injection vector in orders",CWE-78,bandit,DAST-00527,COMMAND_INJECTION,HIGH,/api/v1/inventory,"Server returns /etc/passwd content, command injection confirmed at /api/v1/inventory",CWE-78,owasp-zap,1,0.79,CVE-2023-13140
SAST-00629,XSS,MEDIUM,api/controllers/admin.py,271,"Unsafe document.write() with request data in admin, XSS vector",CWE-79,semgrep,DAST-00629,XSS,HIGH,/api/v1/profile,Reflected XSS: <script>alert(1)</script> echoed unescaped in response for 'filter',CWE-79,http-scanner,0,0.36,CVE-2021-41160
SAST-00210,OPEN_REDIRECT,MEDIUM,api/controllers/inventory.py,54,User-controlled URL 'user_id' used in redirect without domain whitelist at line 153,CWE-601,semgrep,DAST-00210,OPEN_REDIRECT,MEDIUM,/api/v1/inventory,HTTP 302 redirect to attacker-controlled domain via 'id' parameter,CWE-601,http-scanner,1,0.95,CVE-2023-65340
SAST-00265,SENSITIVE_DATA_EXPOSURE,MEDIUM,api/controllers/inventory.py,423,PII returned in API response without field filtering in inventory,CWE-200,bandit,DAST-00265,SENSITIVE_DATA_EXPOSURE,LOW,/api/v1/inventory,PII data accessible via /api/v1/inventory without proper access control,CWE-200,owasp-zap,1,0.87,CVE-2022-25470
SAST-00624,SQL_INJECTION,HIGH,api/controllers/admin.py,155,Potential SQL injection: user-controlled input passed to database query without sanitization at line 30 in get_user,CWE-89,semgrep,DAST-00624,SQL_INJECTION,HIGH,/api/v1/orders,Boolean-based blind SQLi detected at parameter 'token' in endpoint /api/v1/orders,CWE-89,http-scanner,0,0.61,CVE-2022-94190
SAST-00032,OPEN_REDIRECT,MEDIUM,api/controllers/search.py,402,Open redirect: flask/django redirect uses unvalidated 'next' parameter in update_profile,CWE-601,bandit,DAST-00032,OPEN_REDIRECT,MEDIUM,/api/v1/search,Open redirect confirmed: server redirects to evil.example.com without validation,CWE-601,owasp-zap,1,0.87,CVE-2023-39520
SAST-00895,COMMAND_INJECTION,HIGH,api/controllers/auth.py,298,os.system() receives unsanitized request parameter 'id' at line 289,CWE-78,semgrep,DAST-00895,INFO_DISCLOSURE,MEDIUM,/api/v1/billing,Internal IP address and hostname exposed in response headers at /api/v1/billing,CWE-200,http-scanner,0,0.46,CVE-2022-75750
SAST-01131,INSECURE_DESERIALIZATION,HIGH,api/controllers/products.py,23,marshal.loads() on user-controlled bytes in products at line 119,CWE-502,semgrep,DAST-01131,CORS_MISCONFIGURATION,MEDIUM,/api/v1/inventory,CORS wildcard Access-Control-Allow-Origin: * at /api/v1/inventory with credentials,CWE-942,owasp-zap,0,0.28,CVE-2021-27970
SAST-00988,SQL_INJECTION,CRITICAL,api/controllers/products.py,420,Potential SQL injection: user-controlled input passed to database query without sanitization at line 451 in process_payment,CWE-89,bandit,DAST-00988,COMMAND_INJECTION,HIGH,/api/v1/inventory,OS command output detected in HTTP response after injection probe on 'next',CWE-78,owasp-zap,0,0.47,CVE-2024-95340
SAST-00081,XSS,HIGH,api/controllers/auth.py,68,User input 'name' reflected in HTML template without output encoding in process_payment,CWE-79,bandit,DAST-00081,XSS,MEDIUM,/api/v1/auth,XSS probe reflected in HTTP 200 response without Content-Security-Policy,CWE-79,owasp-zap,1,0.85,CVE-2023-32490
SAST-01246,HARDCODED_CREDENTIALS,HIGH,api/controllers/orders.py,367,API key embedded as string constant in search — rotate and move to secrets manager,CWE-798,bandit,DAST-01246,BROKEN_AUTH,HIGH,/api/v1/billing,"Session not invalidated after logout, token still valid at /api/v1/billing",CWE-287,owasp-zap,0,0.39,CVE-2024-29260
SAST-00861,COMMAND_INJECTION,CRITICAL,api/controllers/auth.py,309,exec() invoked with dynamic string from user data in handle_data at line 96,CWE-78,semgrep,DAST-00861,INSECURE_TRANSPORT,HIGH,/api/v1/orders,Endpoint /api/v1/orders served over HTTP without HTTPS redirect,CWE-319,http-scanner,0,0.18,CVE-2024-64090
SAST-00410,WEAK_CRYPTO,MEDIUM,api/controllers/auth.py,188,DES encryption detected in auth — use AES-256 instead,CWE-327,bandit,DAST-00410,INSECURE_TRANSPORT,HIGH,/api/v1/auth,Endpoint /api/v1/auth served over HTTP without HTTPS redirect,CWE-319,http-scanner,1,0.84,CVE-2024-93710
SAST-00594,SQL_INJECTION,HIGH,api/controllers/payments.py,134,Database query uses query directly from request object without parameterized statement,CWE-89,bandit,DAST-00594,SQL_INJECTION,HIGH,/api/v1/billing,Error-based SQLi: PostgreSQL exception message in response body for 'callback',CWE-89,http-scanner,1,0.73,CVE-2022-88830
SAST-01090,HARDCODED_CREDENTIALS,HIGH,api/controllers/admin.py,167,"Hardcoded password literal at line 55 in admin, should use environment variable",CWE-798,semgrep,DAST-01090,CORS_MISCONFIGURATION,HIGH,/api/v1/auth,Server reflects arbitrary Origin header without validation at /api/v1/auth,CWE-942,owasp-zap,0,0.23,CVE-2022-60550
SAST-00588,XSS,MEDIUM,api/controllers/orders.py,454,Jinja2 template renders user input without autoescaping in get_user at line 335,CWE-79,semgrep,DAST-00588,XSS,HIGH,/api/v1/inventory,Reflected XSS: <script>alert(1)</script> echoed unescaped in response for 'query',CWE-79,http-scanner,1,0.7,CVE-2022-73860
SAST-00813,XSS,MEDIUM,api/controllers/profile.py,251,dangerouslySetInnerHTML used without sanitization at line 489 in profile,CWE-79,semgrep,DAST-00813,XSS,HIGH,/api/v1/admin,Stored XSS confirmed: payload injected via 'token' persists and executes,CWE-79,http-scanner,0,0.44,CVE-2024-30750
SAST-00848,OPEN_REDIRECT,MEDIUM,api/controllers/payments.py,61,Open redirect: flask/django redirect uses unvalidated 'token' parameter in process_payment,CWE-601,bandit,DAST-00848,OPEN_REDIRECT,MEDIUM,/api/v1/profile,Open redirect confirmed: server redirects to evil.example.com without validation,CWE-601,http-scanner,0,0.57,CVE-2024-91740
SAST-00275,OPEN_REDIRECT,MEDIUM,api/controllers/admin.py,354,Open redirect: flask/django redirect uses unvalidated 'id' parameter in update_profile,CWE-601,bandit,DAST-00275,OPEN_REDIRECT,MEDIUM,/api/v1/admin,HTTP 302 redirect to attacker-controlled domain via 'query' parameter,CWE-601,http-scanner,1,0.95,CVE-2023-27490
SAST-00289,SQL_INJECTION,HIGH,api/controllers/billing.py,95,"Raw SQL query built with string formatting in get_user, vulnerable to injection attack",CWE-89,semgrep,DAST-00289,SQL_INJECTION,CRITICAL,/api/v1/billing,SQL error in HTTP response after injection probe on 'token': MySQL syntax error exposed,CWE-89,http-scanner,1,0.92,CVE-2024-48940
SAST-00843,SQL_INJECTION,HIGH,api/controllers/users.py,71,"Raw SQL query built with string formatting in search, vulnerable to injection attack",CWE-89,semgrep,DAST-00843,SQL_INJECTION,CRITICAL,/api/v1/orders,Boolean-based blind SQLi detected at parameter 'query' in endpoint /api/v1/orders,CWE-89,http-scanner,0,0.44,CVE-2024-73400
SAST-00736,COMMAND_INJECTION,HIGH,api/controllers/users.py,77,exec() invoked with dynamic string from user data in authenticate at line 474,CWE-78,semgrep,DAST-00736,COMMAND_INJECTION,HIGH,/api/v1/inventory,OS command output detected in HTTP response after injection probe on 'page',CWE-78,http-scanner,0,0.47,CVE-2021-35300
SAST-00915,XSS,HIGH,api/controllers/search.py,289,"Unsafe document.write() with request data in search, XSS vector",CWE-79,bandit,DAST-00915,COMMAND_INJECTION,CRITICAL,/api/v1/payments,RCE confirmed: shell command output in response body for parameter 'next',CWE-78,http-scanner,0,0.47,CVE-2023-94260
SAST-00467,XSS,MEDIUM,api/controllers/payments.py,261,User input 'query' reflected in HTML template without output encoding in process_payment,CWE-79,semgrep,DAST-00467,XSS,HIGH,/api/v1/billing,XSS probe reflected in HTTP 200 response without Content-Security-Policy,CWE-79,owasp-zap,1,0.75,CVE-2023-71000
SAST-00442,SQL_INJECTION,CRITICAL,api/controllers/auth.py,397,Potential SQL injection: user-controlled input passed to database query without sanitization at line 230 in authenticate,CWE-89,bandit,DAST-00442,INFO_DISCLOSURE,LOW,/api/v1/auth,Stack trace with internal file paths returned in HTTP 500 response at /api/v1/auth,CWE-200,owasp-zap,1,0.69,CVE-2021-16730
SAST-01011,HARDCODED_CREDENTIALS,HIGH,api/controllers/users.py,427,Database credential hardcoded in users at line 204,CWE-798,semgrep,DAST-01011,INSECURE_TRANSPORT,HIGH,/api/v1/products,Endpoint /api/v1/products served over HTTP without HTTPS redirect,CWE-319,http-scanner,0,0.25,CVE-2021-27130
SAST-01034,SENSITIVE_DATA_EXPOSURE,LOW,api/controllers/payments.py,285,Credit card number present in debug log output at line 458,CWE-200,bandit,DAST-01034,RATE_LIMITING,MEDIUM,/api/v1/payments,No rate limit: 15 rapid requests to /api/v1/payments completed without throttling,CWE-770,http-scanner,0,0.3,CVE-2021-71300
SAST-00382,WEAK_CRYPTO,MEDIUM,api/controllers/search.py,110,"random.random() used for security token generation at line 115, use secrets module",CWE-327,semgrep,DAST-00382,INSECURE_TRANSPORT,HIGH,/api/v1/search,"Sensitive data transmitted in cleartext to /api/v1/search, no TLS",CWE-319,owasp-zap,1,0.8,CVE-2024-74510
SAST-00243,XSS,MEDIUM,api/controllers/users.py,260,Jinja2 template renders user input without autoescaping in authenticate at line 412,CWE-79,semgrep,DAST-00243,XSS,HIGH,/api/v1/users,XSS probe reflected in HTTP 200 response without Content-Security-Policy,CWE-79,owasp-zap,1,0.83,CVE-2022-50680
SAST-00233,INFO_DISCLOSURE,LOW,api/controllers/products.py,133,Internal file path exposed in error message at line 200 in search,CWE-200,semgrep,DAST-00233,INFO_DISCLOSURE,MEDIUM,/api/v1/products,Server version and framework details exposed in X-Powered-By header,CWE-200,http-scanner,1,0.85,CVE-2022-89510
SAST-00923,OPEN_REDIRECT,MEDIUM,api/controllers/orders.py,192,Open redirect: flask/django redirect uses unvalidated 'next' parameter in update_profile,CWE-601,bandit,DAST-00923,BROKEN_AUTH,HIGH,/api/v1/search,JWT accepted without signature verification at /api/v1/search,CWE-287,owasp-zap,0,0.43,CVE-2022-43330
SAST-00462,COMMAND_INJECTION,CRITICAL,api/controllers/auth.py,85,"Popen with shell=True and user input 'page', command injection vector in auth",CWE-78,semgrep,DAST-00462,COMMAND_INJECTION,CRITICAL,/api/v1/users,"Server returns /etc/passwd content, command injection confirmed at /api/v1/users",CWE-78,http-scanner,1,0.73,CVE-2023-18110
SAST-00575,XSS,MEDIUM,api/controllers/payments.py,202,dangerouslySetInnerHTML used without sanitization at line 114 in payments,CWE-79,bandit,DAST-00575,XSS,HIGH,/api/v1/billing,XSS probe reflected in HTTP 200 response without Content-Security-Policy,CWE-79,owasp-zap,1,0.77,CVE-2024-11900
SAST-00231,XSS,HIGH,api/controllers/profile.py,389,dangerouslySetInnerHTML used without sanitization at line 258 in profile,CWE-79,bandit,DAST-00231,XSS,MEDIUM,/api/v1/profile,Stored XSS confirmed: payload injected via 'email' persists and executes,CWE-79,http-scanner,1,0.84,CVE-2024-83590
SAST-00058,SENSITIVE_DATA_EXPOSURE,MEDIUM,api/controllers/search.py,453,Credit card number present in debug log output at line 86,CWE-200,semgrep,DAST-00058,SENSITIVE_DATA_EXPOSURE,MEDIUM,/api/v1/search,PII data accessible via /api/v1/search without proper access control,CWE-200,http-scanner,1,0.98,CVE-2022-43630
SAST-00741,SQL_INJECTION,HIGH,api/controllers/inventory.py,176,"Raw SQL query built with string formatting in process_payment, vulnerable to injection attack",CWE-89,bandit,DAST-00741,SQL_INJECTION,CRITICAL,/api/v1/auth,Error-based SQLi: PostgreSQL exception message in response body for 'filter',CWE-89,http-scanner,0,0.39,CVE-2023-97470
SAST-01001,SQL_INJECTION,CRITICAL,api/controllers/profile.py,180,Potential SQL injection: user-controlled input passed to database query without sanitization at line 19 in search,CWE-89,bandit,DAST-01001,OPEN_REDIRECT,MEDIUM,/api/v1/profile,Open redirect confirmed: server redirects to evil.example.com without validation,CWE-601,owasp-zap,0,0.47,CVE-2022-66070
SAST-01186,HARDCODED_CREDENTIALS,HIGH,api/controllers/search.py,234,"Hardcoded password literal at line 141 in search, should use environment variable",CWE-798,semgrep,DAST-01186,BROKEN_AUTH,HIGH,/api/v1/users,JWT accepted without signature verification at /api/v1/users,CWE-287,http-scanner,0,0.06,CVE-2024-21320
SAST-01292,PATH_TRAVERSAL,HIGH,api/controllers/profile.py,361,"File path from request not normalized in update_profile, directory traversal possible",CWE-22,semgrep,DAST-01292,RATE_LIMITING,MEDIUM,/api/v1/search,No rate limit: 15 rapid requests to /api/v1/search completed without throttling,CWE-770,http-scanner,0,0.09,CVE-2024-42800
SAST-01050,WEAK_CRYPTO,MEDIUM,api/controllers/billing.py,398,DES encryption detected in billing — use AES-256 instead,CWE-327,semgrep,DAST-01050,CORS_MISCONFIGURATION,MEDIUM,/api/v1/inventory,Server reflects arbitrary Origin header without validation at /api/v1/inventory,CWE-942,owasp-zap,0,0.5,CVE-2021-29260
SAST-01003,HARDCODED_CREDENTIALS,HIGH,api/controllers/search.py,18,Database credential hardcoded in search at line 266,CWE-798,bandit,DAST-01003,CORS_MISCONFIGURATION,MEDIUM,/api/v1/profile,CORS misconfiguration allows cross-origin reads from attacker domain,CWE-942,http-scanner,0,0.41,CVE-2022-73900
SAST-00358,PATH_TRAVERSAL,HIGH,api/controllers/auth.py,364,"File path from request not normalized in handle_data, directory traversal possible",CWE-22,bandit,DAST-00358,INFO_DISCLOSURE,LOW,/api/v1/auth,Stack trace with internal file paths returned in HTTP 500 response at /api/v1/auth,CWE-200,owasp-zap,1,0.78,CVE-2023-81710
SAST-00953,INFO_DISCLOSURE,LOW,api/controllers/products.py,152,Exception stack trace returned to client in products,CWE-200,bandit,DAST-00953,CORS_MISCONFIGURATION,HIGH,/api/v1/auth,CORS wildcard Access-Control-Allow-Origin: * at /api/v1/auth with credentials,CWE-942,http-scanner,0,0.25,CVE-2022-79400
SAST-00479,SQL_INJECTION,HIGH,api/controllers/orders.py,143,Potential SQL injection: user-controlled input passed to database query without sanitization at line 96 in update_profile,CWE-89,semgrep,DAST-00479,SQL_INJECTION,HIGH,/api/v1/inventory,Error-based SQLi: PostgreSQL exception message in response body for 'email',CWE-89,http-scanner,1,0.72,CVE-2021-86570
SAST-00049,XSS,HIGH,api/controllers/payments.py,362,"Unsafe document.write() with request data in payments, XSS vector",CWE-79,bandit,DAST-00049,XSS,HIGH,/api/v1/payments,Stored XSS confirmed: payload injected via 'next' persists and executes,CWE-79,owasp-zap,1,0.94,CVE-2022-93370
SAST-00844,SQL_INJECTION,CRITICAL,api/controllers/profile.py,421,Potential SQL injection: user-controlled input passed to database query without sanitization at line 225 in search,CWE-89,semgrep,DAST-00844,SQL_INJECTION,CRITICAL,/api/v1/payments,Boolean-based blind SQLi detected at parameter 'callback' in endpoint /api/v1/payments,CWE-89,http-scanner,0,0.36,CVE-2021-65340
SAST-00413,PATH_TRAVERSAL,HIGH,api/controllers/billing.py,224,os.path.join with user input 'filter' missing path.resolve() in billing,CWE-22,bandit,DAST-00413,INFO_DISCLOSURE,MEDIUM,/api/v1/billing,Stack trace with internal file paths returned in HTTP 500 response at /api/v1/billing,CWE-200,http-scanner,1,0.85,CVE-2023-76100
SAST-00297,XSS,MEDIUM,api/controllers/products.py,431,Cross-site scripting risk: innerHTML assignment with user-controlled content in search,CWE-79,semgrep,DAST-00297,XSS,MEDIUM,/api/v1/products,Reflected XSS: <script>alert(1)</script> echoed unescaped in response for 'filter',CWE-79,owasp-zap,1,0.92,CVE-2023-81870
SAST-00086,XSS,MEDIUM,api/controllers/products.py,266,Jinja2 template renders user input without autoescaping in handle_data at line 296,CWE-79,bandit,DAST-00086,XSS,MEDIUM,/api/v1/products,XSS probe reflected in HTTP 200 response without Content-Security-Policy,CWE-79,owasp-zap,1,0.97,CVE-2024-21330
SAST-00123,OPEN_REDIRECT,MEDIUM,api/controllers/admin.py,36,Open redirect: flask/django redirect uses unvalidated 'token' parameter in update_profile,CWE-601,semgrep,DAST-00123,OPEN_REDIRECT,MEDIUM,/api/v1/admin,Open redirect confirmed: server redirects to evil.example.com without validation,CWE-601,http-scanner,1,0.96,CVE-2021-87860
SAST-01203,PATH_TRAVERSAL,HIGH,api/controllers/billing.py,474,Path traversal: open() called with user-supplied filename 'query' at line 237,CWE-22,semgrep,DAST-01203,MISSING_SECURITY_HEADERS,LOW,/api/v1/users,Content-Security-Policy header absent from HTTP response at /api/v1/users,CWE-693,owasp-zap,0,0.08,CVE-2022-32010
SAST-00430,WEAK_CRYPTO,MEDIUM,api/controllers/auth.py,215,"random.random() used for security token generation at line 326, use secrets module",CWE-327,semgrep,DAST-00430,INSECURE_TRANSPORT,HIGH,/api/v1/auth,Endpoint /api/v1/auth served over HTTP without HTTPS redirect,CWE-319,owasp-zap,1,0.83,CVE-2023-12140
SAST-00303,SENSITIVE_DATA_EXPOSURE,LOW,api/controllers/products.py,368,PII returned in API response without field filtering in products,CWE-200,semgrep,DAST-00303,INFO_DISCLOSURE,MEDIUM,/api/v1/products,Stack trace with internal file paths returned in HTTP 500 response at /api/v1/products,CWE-200,owasp-zap,1,0.79,CVE-2022-36970
SAST-01286,HARDCODED_CREDENTIALS,HIGH,api/controllers/orders.py,112,"Hardcoded password literal at line 470 in orders, should use environment variable",CWE-798,bandit,DAST-01286,MISSING_SECURITY_HEADERS,LOW,/api/v1/auth,"Strict-Transport-Security missing, HTTP downgrade possible at /api/v1/auth",CWE-693,owasp-zap,0,0.23,CVE-2023-43230
SAST-00566,SQL_INJECTION,HIGH,api/controllers/payments.py,138,Potential SQL injection: user-controlled input passed to database query without sanitization at line 68 in handle_data,CWE-89,semgrep,DAST-00566,SQL_INJECTION,CRITICAL,/api/v1/billing,Error-based SQLi: PostgreSQL exception message in response body for 'query',CWE-89,owasp-zap,1,0.79,CVE-2024-26860
SAST-00542,COMMAND_INJECTION,HIGH,api/controllers/orders.py,131,os.system() receives unsanitized request parameter 'id' at line 269,CWE-78,semgrep,DAST-00542,COMMAND_INJECTION,HIGH,/api/v1/inventory,"Server returns /etc/passwd content, command injection confirmed at /api/v1/inventory",CWE-78,owasp-zap,1,0.74,CVE-2024-51770
SAST-01182,HARDCODED_CREDENTIALS,HIGH,api/controllers/users.py,392,API key embedded as string constant in authenticate — rotate and move to secrets manager,CWE-798,bandit,DAST-01182,RATE_LIMITING,MEDIUM,/api/v1/profile,No rate limit: 15 rapid requests to /api/v1/profile completed without throttling,CWE-770,http-scanner,0,0.07,CVE-2024-21920
SAST-00128,OPEN_REDIRECT,MEDIUM,api/controllers/users.py,220,User-controlled URL 'next' used in redirect without domain whitelist at line 266,CWE-601,bandit,DAST-00128,OPEN_REDIRECT,MEDIUM,/api/v1/users,HTTP 302 redirect to attacker-controlled domain via 'next' parameter,CWE-601,http-scanner,1,0.87,CVE-2022-33490
SAST-00351,COMMAND_INJECTION,HIGH,api/controllers/users.py,230,"Popen with shell=True and user input 'name', command injection vector in users",CWE-78,bandit,DAST-00351,SECURITY_MISCONFIG,MEDIUM,/api/v1/users,Server error reveals internal configuration details at /api/v1/users,CWE-693,owasp-zap,1,0.74,CVE-2022-15360
SAST-00503,COMMAND_INJECTION,HIGH,api/controllers/auth.py,332,Command injection risk: subprocess call with user-controlled argument in get_user,CWE-78,bandit,DAST-00503,COMMAND_INJECTION,CRITICAL,/api/v1/users,RCE confirmed: shell command output in response body for parameter 'email',CWE-78,http-scanner,1,0.8,CVE-2021-75070
SAST-00192,XSS,MEDIUM,api/controllers/profile.py,280,Jinja2 template renders user input without autoescaping in authenticate at line 465,CWE-79,semgrep,DAST-00192,XSS,HIGH,/api/v1/profile,Stored XSS confirmed: payload injected via 'callback' persists and executes,CWE-79,http-scanner,1,0.91,CVE-2022-33220
SAST-00803,OPEN_REDIRECT,MEDIUM,api/controllers/inventory.py,226,User-controlled URL 'user_id' used in redirect without domain whitelist at line 215,CWE-601,semgrep,DAST-00803,OPEN_REDIRECT,MEDIUM,/api/v1/auth,HTTP 302 redirect to attacker-controlled domain via 'name' parameter,CWE-601,http-scanner,0,0.62,CVE-2024-76880
SAST-01164,WEAK_CRYPTO,MEDIUM,api/controllers/products.py,424,MD5 hash used for password storage in handle_data — use bcrypt or Argon2,CWE-327,semgrep,DAST-01164,RATE_LIMITING,MEDIUM,/api/v1/search,No rate limit: 15 rapid requests to /api/v1/search completed without throttling,CWE-770,owasp-zap,0,0.26,CVE-2022-26640
SAST-00352,SQL_INJECTION,CRITICAL,api/controllers/admin.py,165,"Dynamic SQL constructed via f-string concatenation at line 236, inject risk in admin",CWE-89,bandit,DAST-00352,INFO_DISCLOSURE,LOW,/api/v1/admin,Server version and framework details exposed in X-Powered-By header,CWE-200,http-scanner,1,0.8,CVE-2022-71330
SAST-00415,SENSITIVE_DATA_EXPOSURE,LOW,api/controllers/orders.py,26,PII returned in API response without field filtering in orders,CWE-200,semgrep,DAST-00415,INFO_DISCLOSURE,LOW,/api/v1/orders,Server version and framework details exposed in X-Powered-By header,CWE-200,http-scanner,1,0.71,CVE-2023-55160
SAST-01241,PATH_TRAVERSAL,HIGH,api/controllers/inventory.py,217,os.path.join with user input 'email' missing path.resolve() in inventory,CWE-22,semgrep,DAST-01241,BROKEN_AUTH,HIGH,/api/v1/orders,Endpoint /api/v1/orders accessible without valid session token,CWE-287,owasp-zap,0,0.08,CVE-2022-41480
SAST-00771,OPEN_REDIRECT,MEDIUM,api/controllers/products.py,232,User-controlled URL 'page' used in redirect without domain whitelist at line 160,CWE-601,semgrep,DAST-00771,OPEN_REDIRECT,MEDIUM,/api/v1/payments,Open redirect confirmed: server redirects to evil.example.com without validation,CWE-601,owasp-zap,0,0.55,CVE-2023-73300
SAST-01274,WEAK_CRYPTO,MEDIUM,api/controllers/users.py,171,DES encryption detected in users — use AES-256 instead,CWE-327,semgrep,DAST-01274,MISSING_SECURITY_HEADERS,LOW,/api/v1/orders,"X-Frame-Options not set, clickjacking attack vector exists at /api/v1/orders",CWE-693,http-scanner,0,0.11,CVE-2023-24410
SAST-00029,SENSITIVE_DATA_EXPOSURE,MEDIUM,api/controllers/auth.py,57,PII returned in API response without field filtering in auth,CWE-200,bandit,DAST-00029,SENSITIVE_DATA_EXPOSURE,LOW,/api/v1/auth,Password hash returned in API response at /api/v1/auth without authorization,CWE-200,http-scanner,1,0.92,CVE-2021-57720
SAST-00277,COMMAND_INJECTION,HIGH,api/controllers/admin.py,73,Command injection risk: subprocess call with user-controlled argument in authenticate,CWE-78,semgrep,DAST-00277,COMMAND_INJECTION,HIGH,/api/v1/admin,RCE confirmed: shell command output in response body for parameter 'filter',CWE-78,owasp-zap,1,0.89,CVE-2024-75900
SAST-00724,COMMAND_INJECTION,HIGH,api/controllers/auth.py,36,exec() invoked with dynamic string from user data in update_profile at line 317,CWE-78,bandit,DAST-00724,COMMAND_INJECTION,CRITICAL,/api/v1/orders,OS command output detected in HTTP response after injection probe on 'callback',CWE-78,http-scanner,0,0.3,CVE-2022-23450
SAST-00031,SQL_INJECTION,CRITICAL,api/controllers/profile.py,351,"Raw SQL query built with string formatting in update_profile, vulnerable to injection attack",CWE-89,semgrep,DAST-00031,SQL_INJECTION,CRITICAL,/api/v1/profile,Error-based SQLi: PostgreSQL exception message in response body for 'next',CWE-89,owasp-zap,1,0.95,CVE-2024-51080
SAST-00331,SQL_INJECTION,HIGH,api/controllers/auth.py,32,Database query uses user_id directly from request object without parameterized statement,CWE-89,bandit,DAST-00331,INFO_DISCLOSURE,LOW,/api/v1/auth,Server version and framework details exposed in X-Powered-By header,CWE-200,owasp-zap,1,0.79,CVE-2023-84670
SAST-01037,SENSITIVE_DATA_EXPOSURE,LOW,api/controllers/auth.py,256,Credit card number present in debug log output at line 497,CWE-200,semgrep,DAST-01037,CORS_MISCONFIGURATION,MEDIUM,/api/v1/payments,CORS misconfiguration allows cross-origin reads from attacker domain,CWE-942,http-scanner,0,0.24,CVE-2021-85460
SAST-00602,INFO_DISCLOSURE,MEDIUM,api/controllers/users.py,469,Exception stack trace returned to client in users,CWE-200,bandit,DAST-00602,INFO_DISCLOSURE,MEDIUM,/api/v1/billing,Stack trace with internal file paths returned in HTTP 500 response at /api/v1/billing,CWE-200,owasp-zap,0,0.41,CVE-2024-19910
SAST-01209,WEAK_CRYPTO,MEDIUM,api/controllers/orders.py,489,MD5 hash used for password storage in handle_data — use bcrypt or Argon2,CWE-327,bandit,DAST-01209,MISSING_SECURITY_HEADERS,MEDIUM,/api/v1/users,Content-Security-Policy header absent from HTTP response at /api/v1/users,CWE-693,owasp-zap,0,0.14,CVE-2022-47110
SAST-00070,INFO_DISCLOSURE,MEDIUM,api/controllers/orders.py,475,Internal file path exposed in error message at line 368 in process_payment,CWE-200,bandit,DAST-00070,INFO_DISCLOSURE,LOW,/api/v1/orders,Server version and framework details exposed in X-Powered-By header,CWE-200,http-scanner,1,0.84,CVE-2022-73870
SAST-01256,INSECURE_DESERIALIZATION,HIGH,api/controllers/orders.py,107,yaml.load() without Loader argument in search — arbitrary code execution risk,CWE-502,bandit,DAST-01256,MISSING_SECURITY_HEADERS,LOW,/api/v1/payments,Content-Security-Policy header absent from HTTP response at /api/v1/payments,CWE-693,owasp-zap,0,0.14,CVE-2022-56250
SAST-00621,XSS,HIGH,api/controllers/search.py,466,Cross-site scripting risk: innerHTML assignment with user-controlled content in search,CWE-79,semgrep,DAST-00621,XSS,HIGH,/api/v1/billing,Reflected XSS: <script>alert(1)</script> echoed unescaped in response for 'filter',CWE-79,owasp-zap,0,0.28,CVE-2022-42000
SAST-01262,WEAK_CRYPTO,MEDIUM,api/controllers/admin.py,50,MD5 hash used for password storage in get_user — use bcrypt or Argon2,CWE-327,semgrep,DAST-01262,RATE_LIMITING,MEDIUM,/api/v1/profile,No rate limit: 15 rapid requests to /api/v1/profile completed without throttling,CWE-770,owasp-zap,0,0.07,CVE-2024-94010
SAST-00282,SENSITIVE_DATA_EXPOSURE,LOW,api/controllers/auth.py,426,Password or token logged to console in update_profile at line 307,CWE-200,bandit,DAST-00282,SENSITIVE_DATA_EXPOSURE,MEDIUM,/api/v1/auth,Password hash returned in API response at /api/v1/auth without authorization,CWE-200,owasp-zap,1,0.88,CVE-2022-66340
SAST-00780,SENSITIVE_DATA_EXPOSURE,MEDIUM,api/controllers/profile.py,150,Password or token logged to console in authenticate at line 330,CWE-200,bandit,DAST-00780,SENSITIVE_DATA_EXPOSURE,MEDIUM,/api/v1/products,API key visible in HTTP response body at /api/v1/products,CWE-200,http-scanner,0,0.34,CVE-2024-97550
SAST-00261,SQL_INJECTION,CRITICAL,api/controllers/billing.py,244,Potential SQL injection: user-controlled input passed to database query without sanitization at line 347 in update_profile,CWE-89,bandit,DAST-00261,SQL_INJECTION,HIGH,/api/v1/billing,Error-based SQLi: PostgreSQL exception message in response body for 'id',CWE-89,http-scanner,1,0.96,CVE-2024-56490
SAST-00852,INSECURE_DESERIALIZATION,HIGH,api/controllers/payments.py,213,Insecure deserialization: pickle.loads() called with user-supplied data at line 175,CWE-502,semgrep,DAST-00852,SENSITIVE_DATA_EXPOSURE,LOW,/api/v1/profile,PII data accessible via /api/v1/profile without proper access control,CWE-200,http-scanner,0,0.5,CVE-2024-37000
SAST-00973,OPEN_REDIRECT,MEDIUM,api/controllers/users.py,443,Open redirect: flask/django redirect uses unvalidated 'filter' parameter in search,CWE-601,bandit,DAST-00973,RATE_LIMITING,MEDIUM,/api/v1/orders,No rate limit: 15 rapid requests to /api/v1/orders completed without throttling,CWE-770,owasp-zap,0,0.19,CVE-2024-84230
SAST-00552,XSS,HIGH,api/controllers/orders.py,228,Jinja2 template renders user input without autoescaping in search at line 240,CWE-79,semgrep,DAST-00552,XSS,HIGH,/api/v1/inventory,DOM-based XSS via 'callback' parameter in endpoint /api/v1/inventory,CWE-79,owasp-zap,1,0.72,CVE-2022-73210
SAST-00048,OPEN_REDIRECT,MEDIUM,api/controllers/profile.py,166,User-controlled URL 'id' used in redirect without domain whitelist at line 301,CWE-601,bandit,DAST-00048,OPEN_REDIRECT,MEDIUM,/api/v1/profile,HTTP 302 redirect to attacker-controlled domain via 'query' parameter,CWE-601,owasp-zap,1,0.86,CVE-2021-59190
SAST-00113,SENSITIVE_DATA_EXPOSURE,LOW,api/controllers/admin.py,291,Credit card number present in debug log output at line 287,CWE-200,bandit,DAST-00113,SENSITIVE_DATA_EXPOSURE,LOW,/api/v1/admin,API key visible in HTTP response body at /api/v1/admin,CWE-200,owasp-zap,1,0.84,CVE-2022-51710
SAST-00155,XSS,HIGH,api/controllers/inventory.py,40,"Unsafe document.write() with request data in inventory, XSS vector",CWE-79,semgrep,DAST-00155,XSS,MEDIUM,/api/v1/inventory,XSS probe reflected in HTTP 200 response without Content-Security-Policy,CWE-79,http-scanner,1,0.82,CVE-2024-86950
SAST-00626,INFO_DISCLOSURE,MEDIUM,api/controllers/payments.py,229,Internal file path exposed in error message at line 315 in handle_data,CWE-200,semgrep,DAST-00626,INFO_DISCLOSURE,MEDIUM,/api/v1/search,Internal IP address and hostname exposed in response headers at /api/v1/search,CWE-200,http-scanner,0,0.36,CVE-2022-19930
SAST-00422,COMMAND_INJECTION,CRITICAL,api/controllers/admin.py,267,"Popen with shell=True and user input 'page', command injection vector in admin",CWE-78,bandit,DAST-00422,SECURITY_MISCONFIG,MEDIUM,/api/v1/admin,HTTP 500 with verbose error message and stack trace at /api/v1/admin,CWE-693,owasp-zap,1,0.77,CVE-2024-88580
SAST-00676,SQL_INJECTION,HIGH,api/controllers/auth.py,331,"Dynamic SQL constructed via f-string concatenation at line 404, inject risk in auth",CWE-89,bandit,DAST-00676,SQL_INJECTION,CRITICAL,/api/v1/payments,SQL error in HTTP response after injection probe on 'user_id': MySQL syntax error exposed,CWE-89,http-scanner,0,0.5,CVE-2023-64690
SAST-00614,SQL_INJECTION,CRITICAL,api/controllers/inventory.py,292,Database query uses query directly from request object without parameterized statement,CWE-89,bandit,DAST-00614,SQL_INJECTION,CRITICAL,/api/v1/products,UNION-based injection confirmed at 'user_id': database rows returned in response,CWE-89,http-scanner,0,0.55,CVE-2024-88440
SAST-00841,XSS,HIGH,api/controllers/inventory.py,455,Cross-site scripting risk: innerHTML assignment with user-controlled content in get_user,CWE-79,bandit,DAST-00841,XSS,MEDIUM,/api/v1/products,DOM-based XSS via 'token' parameter in endpoint /api/v1/products,CWE-79,owasp-zap,0,0.54,CVE-2021-27880
SAST-01289,INSECURE_DESERIALIZATION,HIGH,api/controllers/users.py,376,marshal.loads() on user-controlled bytes in users at line 430,CWE-502,semgrep,DAST-01289,BROKEN_AUTH,HIGH,/api/v1/products,JWT accepted without signature verification at /api/v1/products,CWE-287,http-scanner,0,0.25,CVE-2021-71730
SAST-00673,OPEN_REDIRECT,MEDIUM,api/controllers/products.py,269,User-controlled URL 'page' used in redirect without domain whitelist at line 155,CWE-601,semgrep,DAST-00673,OPEN_REDIRECT,MEDIUM,/api/v1/payments,Open redirect confirmed: server redirects to evil.example.com without validation,CWE-601,owasp-zap,0,0.29,CVE-2023-75370
SAST-00411,WEAK_CRYPTO,MEDIUM,api/controllers/orders.py,151,"random.random() used for security token generation at line 37, use secrets module",CWE-327,bandit,DAST-00411,INSECURE_TRANSPORT,HIGH,/api/v1/orders,"Sensitive data transmitted in cleartext to /api/v1/orders, no TLS",CWE-319,owasp-zap,1,0.8,CVE-2023-16810
SAST-00107,OPEN_REDIRECT,MEDIUM,api/controllers/products.py,183,User-controlled URL 'next' used in redirect without domain whitelist at line 105,CWE-601,semgrep,DAST-00107,OPEN_REDIRECT,MEDIUM,/api/v1/products,Open redirect confirmed: server redirects to evil.example.com without validation,CWE-601,http-scanner,1,0.92,CVE-2022-38260
SAST-00239,SENSITIVE_DATA_EXPOSURE,MEDIUM,api/controllers/inventory.py,474,Credit card number present in debug log output at line 491,CWE-200,semgrep,DAST-00239,SENSITIVE_DATA_EXPOSURE,LOW,/api/v1/inventory,Password hash returned in API response at /api/v1/inventory without authorization,CWE-200,owasp-zap,1,0.95,CVE-2022-39970
SAST-01026,SENSITIVE_DATA_EXPOSURE,LOW,api/controllers/orders.py,114,PII returned in API response without field filtering in orders,CWE-200,bandit,DAST-01026,RATE_LIMITING,MEDIUM,/api/v1/auth,"Authentication endpoint /api/v1/auth lacks rate limiting, brute force possible",CWE-770,owasp-zap,0,0.24,CVE-2021-33990
SAST-01042,SQL_INJECTION,CRITICAL,api/controllers/auth.py,437,"Dynamic SQL constructed via f-string concatenation at line 280, inject risk in auth",CWE-89,bandit,DAST-01042,MISSING_SECURITY_HEADERS,MEDIUM,/api/v1/search,"Strict-Transport-Security missing, HTTP downgrade possible at /api/v1/search",CWE-693,http-scanner,0,0.29,CVE-2022-83190
SAST-00695,SENSITIVE_DATA_EXPOSURE,MEDIUM,api/controllers/auth.py,105,Password or token logged to console in authenticate at line 146,CWE-200,semgrep,DAST-00695,SENSITIVE_DATA_EXPOSURE,MEDIUM,/api/v1/admin,PII data accessible via /api/v1/admin without proper access control,CWE-200,http-scanner,0,0.43,CVE-2022-18710
SAST-01234,WEAK_CRYPTO,MEDIUM,api/controllers/profile.py,84,"random.random() used for security token generation at line 117, use secrets module",CWE-327,bandit,DAST-01234,RATE_LIMITING,MEDIUM,/api/v1/users,No rate limit: 15 rapid requests to /api/v1/users completed without throttling,CWE-770,http-scanner,0,0.4,CVE-2023-56820
SAST-01198,PATH_TRAVERSAL,HIGH,api/controllers/products.py,177,Path traversal: open() called with user-supplied filename 'user_id' at line 14,CWE-22,semgrep,DAST-01198,BROKEN_AUTH,HIGH,/api/v1/payments,Endpoint /api/v1/payments accessible without valid session token,CWE-287,http-scanner,0,0.1,CVE-2023-86350
SAST-00847,XSS,HIGH,api/controllers/payments.py,216,dangerouslySetInnerHTML used without sanitization at line 330 in payments,CWE-79,semgrep,DAST-00847,XSS,MEDIUM,/api/v1/inventory,Reflected XSS: <script>alert(1)</script> echoed unescaped in response for 'next',CWE-79,owasp-zap,0,0.53,CVE-2022-14590
SAST-00363,WEAK_CRYPTO,MEDIUM,api/controllers/billing.py,243,DES encryption detected in billing — use AES-256 instead,CWE-327,bandit,DAST-00363,INSECURE_TRANSPORT,HIGH,/api/v1/billing,Endpoint /api/v1/billing served over HTTP without HTTPS redirect,CWE-319,owasp-zap,1,0.82,CVE-2021-52540
SAST-00919,OPEN_REDIRECT,MEDIUM,api/controllers/products.py,499,User-controlled URL 'user_id' used in redirect without domain whitelist at line 167,CWE-601,semgrep,DAST-00919,BROKEN_AUTH,HIGH,/api/v1/search,"Session not invalidated after logout, token still valid at /api/v1/search",CWE-287,owasp-zap,0,0.3,CVE-2023-53540
SAST-00380,PATH_TRAVERSAL,HIGH,api/controllers/billing.py,98,"File path from request not normalized in handle_data, directory traversal possible",CWE-22,semgrep,DAST-00380,INFO_DISCLOSURE,MEDIUM,/api/v1/billing,Stack trace with internal file paths returned in HTTP 500 response at /api/v1/billing,CWE-200,http-scanner,1,0.71,CVE-2023-95940
SAST-00941,INFO_DISCLOSURE,MEDIUM,api/controllers/users.py,218,Exception stack trace returned to client in users,CWE-200,semgrep,DAST-00941,OPEN_REDIRECT,MEDIUM,/api/v1/profile,Open redirect confirmed: server redirects to evil.example.com without validation,CWE-601,http-scanner,0,0.23,CVE-2024-22920
SAST-00497,SQL_INJECTION,CRITICAL,api/controllers/payments.py,272,"Dynamic SQL constructed via f-string concatenation at line 312, inject risk in payments",CWE-89,semgrep,DAST-00497,SQL_INJECTION,HIGH,/api/v1/billing,UNION-based injection confirmed at 'callback': database rows returned in response,CWE-89,http-scanner,1,0.77,CVE-2022-95530
SAST-00506,COMMAND_INJECTION,CRITICAL,api/controllers/payments.py,84,Command injection risk: subprocess call with user-controlled argument in authenticate,CWE-78,bandit,DAST-00506,COMMAND_INJECTION,CRITICAL,/api/v1/billing,OS command output detected in HTTP response after injection probe on 'user_id',CWE-78,http-scanner,1,0.71,CVE-2021-34300
SAST-00168,INFO_DISCLOSURE,LOW,api/controllers/inventory.py,497,Internal file path exposed in error message at line 382 in search,CWE-200,semgrep,DAST-00168,INFO_DISCLOSURE,LOW,/api/v1/inventory,Database schema information leaked in error response for malformed request,CWE-200,owasp-zap,1,0.93,CVE-2022-78610
SAST-01168,INSECURE_DESERIALIZATION,CRITICAL,api/controllers/orders.py,485,marshal.loads() on user-controlled bytes in orders at line 173,CWE-502,bandit,DAST-01168,MISSING_SECURITY_HEADERS,LOW,/api/v1/billing,"Strict-Transport-Security missing, HTTP downgrade possible at /api/v1/billing",CWE-693,http-scanner,0,0.32,CVE-2022-10600
SAST-00672,INFO_DISCLOSURE,LOW,api/controllers/payments.py,124,Exception stack trace returned to client in payments,CWE-200,semgrep,DAST-00672,INFO_DISCLOSURE,LOW,/api/v1/admin,Stack trace with internal file paths returned in HTTP 500 response at /api/v1/admin,CWE-200,http-scanner,0,0.61,CVE-2024-44050
SAST-00208,SQL_INJECTION,CRITICAL,api/controllers/auth.py,424,"Raw SQL query built with string formatting in authenticate, vulnerable to injection attack",CWE-89,bandit,DAST-00208,SQL_INJECTION,CRITICAL,/api/v1/auth,SQL error in HTTP response after injection probe on 'name': MySQL syntax error exposed,CWE-89,http-scanner,1,0.96,CVE-2023-88860
SAST-00872,XSS,MEDIUM,api/controllers/admin.py,174,Cross-site scripting risk: innerHTML assignment with user-controlled content in handle_data,CWE-79,bandit,DAST-00872,OPEN_REDIRECT,MEDIUM,/api/v1/auth,Open redirect confirmed: server redirects to evil.example.com without validation,CWE-601,http-scanner,0,0.38,CVE-2022-66770
SAST-00428,COMMAND_INJECTION,CRITICAL,api/controllers/orders.py,186,Command injection risk: subprocess call with user-controlled argument in process_payment,CWE-78,bandit,DAST-00428,SECURITY_MISCONFIG,MEDIUM,/api/v1/orders,Server error reveals internal configuration details at /api/v1/orders,CWE-693,http-scanner,1,0.83,CVE-2024-40180
SAST-00890,SQL_INJECTION,CRITICAL,api/controllers/search.py,65,Unparameterized cursor.execute() call detected; parameter 'callback' not sanitized,CWE-89,bandit,DAST-00890,OPEN_REDIRECT,MEDIUM,/api/v1/auth,Open redirect confirmed: server redirects to evil.example.com without validation,CWE-601,http-scanner,0,0.28,CVE-2021-83010
SAST-00174,OPEN_REDIRECT,MEDIUM,api/controllers/users.py,212,Open redirect: flask/django redirect uses unvalidated 'name' parameter in handle_data,CWE-601,bandit,DAST-00174,OPEN_REDIRECT,MEDIUM,/api/v1/users,Open redirect confirmed: server redirects to evil.example.com without validation,CWE-601,owasp-zap,1,0.87,CVE-2021-51000
SAST-00398,SENSITIVE_DATA_EXPOSURE,MEDIUM,api/controllers/payments.py,180,PII returned in API response without field filtering in payments,CWE-200,bandit,DAST-00398,INFO_DISCLOSURE,LOW,/api/v1/payments,Internal IP address and hostname exposed in response headers at /api/v1/payments,CWE-200,http-scanner,1,0.71,CVE-2024-62470
SAST-01284,HARDCODED_CREDENTIALS,HIGH,api/controllers/profile.py,93,API key embedded as string constant in search — rotate and move to secrets manager,CWE-798,bandit,DAST-01284,MISSING_SECURITY_HEADERS,LOW,/api/v1/orders,Content-Security-Policy header absent from HTTP response at /api/v1/orders,CWE-693,http-scanner,0,0.29,CVE-2022-53590
SAST-00365,PATH_TRAVERSAL,HIGH,api/controllers/billing.py,279,"File path from request not normalized in update_profile, directory traversal possible",CWE-22,bandit,DAST-00365,INFO_DISCLOSURE,MEDIUM,/api/v1/billing,Internal IP address and hostname exposed in response headers at /api/v1/billing,CWE-200,owasp-zap,1,0.81,CVE-2022-46840
SAST-00585,COMMAND_INJECTION,CRITICAL,api/controllers/orders.py,385,exec() invoked with dynamic string from user data in handle_data at line 220,CWE-78,bandit,DAST-00585,COMMAND_INJECTION,CRITICAL,/api/v1/inventory,RCE confirmed: shell command output in response body for parameter 'page',CWE-78,owasp-zap,1,0.82,CVE-2023-90810
SAST-00054,INFO_DISCLOSURE,LOW,api/controllers/payments.py,171,Exception stack trace returned to client in payments,CWE-200,semgrep,DAST-00054,INFO_DISCLOSURE,MEDIUM,/api/v1/payments,Stack trace with internal file paths returned in HTTP 500 response at /api/v1/payments,CWE-200,http-scanner,1,0.93,CVE-2024-66690
SAST-01002,OPEN_REDIRECT,MEDIUM,api/controllers/search.py,352,Open redirect: flask/django redirect uses unvalidated 'page' parameter in update_profile,CWE-601,semgrep,DAST-01002,INSECURE_TRANSPORT,HIGH,/api/v1/search,Endpoint /api/v1/search served over HTTP without HTTPS redirect,CWE-319,owasp-zap,0,0.25,CVE-2024-21810
SAST-00598,COMMAND_INJECTION,HIGH,api/controllers/orders.py,212,os.system() receives unsanitized request parameter 'next' at line 14,CWE-78,semgrep,DAST-00598,COMMAND_INJECTION,CRITICAL,/api/v1/inventory,OS command output detected in HTTP response after injection probe on 'next',CWE-78,http-scanner,1,0.72,CVE-2023-15720
SAST-00244,SENSITIVE_DATA_EXPOSURE,MEDIUM,api/controllers/admin.py,397,Password or token logged to console in update_profile at line 436,CWE-200,bandit,DAST-00244,SENSITIVE_DATA_EXPOSURE,LOW,/api/v1/admin,API key visible in HTTP response body at /api/v1/admin,CWE-200,owasp-zap,1,0.94,CVE-2023-55670
SAST-00056,INFO_DISCLOSURE,LOW,api/controllers/payments.py,125,Exception stack trace returned to client in payments,CWE-200,bandit,DAST-00056,INFO_DISCLOSURE,MEDIUM,/api/v1/payments,Server version and framework details exposed in X-Powered-By header,CWE-200,http-scanner,1,0.89,CVE-2024-56210
SAST-00965,SENSITIVE_DATA_EXPOSURE,MEDIUM,api/controllers/profile.py,170,PII returned in API response without field filtering in profile,CWE-200,bandit,DAST-00965,CORS_MISCONFIGURATION,MEDIUM,/api/v1/admin,CORS wildcard Access-Control-Allow-Origin: * at /api/v1/admin with credentials,CWE-942,owasp-zap,0,0.31,CVE-2022-95900
SAST-00163,COMMAND_INJECTION,CRITICAL,api/controllers/profile.py,62,"Popen with shell=True and user input 'user_id', command injection vector in profile",CWE-78,semgrep,DAST-00163,COMMAND_INJECTION,CRITICAL,/api/v1/profile,"Server returns /etc/passwd content, command injection confirmed at /api/v1/profile",CWE-78,http-scanner,1,0.91,CVE-2023-42610
SAST-00109,INFO_DISCLOSURE,LOW,api/controllers/products.py,48,Exception stack trace returned to client in products,CWE-200,semgrep,DAST-00109,INFO_DISCLOSURE,LOW,/api/v1/products,Server version and framework details exposed in X-Powered-By header,CWE-200,owasp-zap,1,0.84,CVE-2022-74660
SAST-00259,COMMAND_INJECTION,CRITICAL,api/controllers/inventory.py,376,exec() invoked with dynamic string from user data in authenticate at line 241,CWE-78,bandit,DAST-00259,COMMAND_INJECTION,CRITICAL,/api/v1/inventory,OS command output detected in HTTP response after injection probe on 'page',CWE-78,http-scanner,1,0.94,CVE-2021-40000
SAST-00667,OPEN_REDIRECT,MEDIUM,api/controllers/profile.py,191,Open redirect: flask/django redirect uses unvalidated 'name' parameter in handle_data,CWE-601,semgrep,DAST-00667,OPEN_REDIRECT,MEDIUM,/api/v1/billing,HTTP 302 redirect to attacker-controlled domain via 'name' parameter,CWE-601,owasp-zap,0,0.39,CVE-2023-37430
SAST-00350,PATH_TRAVERSAL,HIGH,api/controllers/inventory.py,223,os.path.join with user input 'user_id' missing path.resolve() in inventory,CWE-22,semgrep,DAST-00350,INFO_DISCLOSURE,MEDIUM,/api/v1/inventory,Database schema information leaked in error response for malformed request,CWE-200,owasp-zap,1,0.8,CVE-2024-94780
SAST-00708,SENSITIVE_DATA_EXPOSURE,LOW,api/controllers/products.py,467,PII returned in API response without field filtering in products,CWE-200,semgrep,DAST-00708,SENSITIVE_DATA_EXPOSURE,MEDIUM,/api/v1/profile,Password hash returned in API response at /api/v1/profile without authorization,CWE-200,owasp-zap,0,0.51,CVE-2022-50740
SAST-00846,SQL_INJECTION,CRITICAL,api/controllers/payments.py,326,Unparameterized cursor.execute() call detected; parameter 'callback' not sanitized,CWE-89,bandit,DAST-00846,SQL_INJECTION,HIGH,/api/v1/search,UNION-based injection confirmed at 'user_id': database rows returned in response,CWE-89,http-scanner,0,0.58,CVE-2021-81690
SAST-01166,HARDCODED_CREDENTIALS,HIGH,api/controllers/inventory.py,84,"Hardcoded password literal at line 72 in inventory, should use environment variable",CWE-798,bandit,DAST-01166,INSECURE_TRANSPORT,HIGH,/api/v1/users,Endpoint /api/v1/users served over HTTP without HTTPS redirect,CWE-319,owasp-zap,0,0.29,CVE-2023-82920
SAST-00270,SQL_INJECTION,HIGH,api/controllers/admin.py,499,Database query uses query directly from request object without parameterized statement,CWE-89,bandit,DAST-00270,SQL_INJECTION,CRITICAL,/api/v1/admin,Error-based SQLi: PostgreSQL exception message in response body for 'token',CWE-89,owasp-zap,1,0.93,CVE-2023-46960
SAST-00493,XSS,MEDIUM,api/controllers/orders.py,212,Cross-site scripting risk: innerHTML assignment with user-controlled content in authenticate,CWE-79,semgrep,DAST-00493,XSS,HIGH,/api/v1/inventory,XSS probe reflected in HTTP 200 response without Content-Security-Policy,CWE-79,http-scanner,1,0.74,CVE-2023-66400
SAST-00634,SQL_INJECTION,CRITICAL,api/controllers/users.py,33,"Raw SQL query built with string formatting in update_profile, vulnerable to injection attack",CWE-89,bandit,DAST-00634,SQL_INJECTION,CRITICAL,/api/v1/products,Error-based SQLi: PostgreSQL exception message in response body for 'email',CWE-89,owasp-zap,0,0.34,CVE-2024-73760
SAST-00781,SQL_INJECTION,HIGH,api/controllers/payments.py,371,Potential SQL injection: user-controlled input passed to database query without sanitization at line 386 in get_user,CWE-89,bandit,DAST-00781,SQL_INJECTION,HIGH,/api/v1/products,Error-based SQLi: PostgreSQL exception message in response body for 'id',CWE-89,http-scanner,0,0.31,CVE-2024-96570
SAST-01243,PATH_TRAVERSAL,HIGH,api/controllers/search.py,498,Path traversal: open() called with user-supplied filename 'name' at line 272,CWE-22,semgrep,DAST-01243,RATE_LIMITING,MEDIUM,/api/v1/users,No rate limit: 15 rapid requests to /api/v1/users completed without throttling,CWE-770,owasp-zap,0,0.26,CVE-2023-60660
SAST-00716,XSS,MEDIUM,api/controllers/payments.py,298,"Unsafe document.write() with request data in payments, XSS vector",CWE-79,semgrep,DAST-00716,XSS,HIGH,/api/v1/admin,Reflected XSS: <script>alert(1)</script> echoed unescaped in response for 'user_id',CWE-79,http-scanner,0,0.58,CVE-2024-40380
SAST-00528,XSS,HIGH,api/controllers/auth.py,462,Jinja2 template renders user input without autoescaping in process_payment at line 359,CWE-79,semgrep,DAST-00528,XSS,MEDIUM,/api/v1/users,DOM-based XSS via 'filter' parameter in endpoint /api/v1/users,CWE-79,owasp-zap,1,0.76,CVE-2023-45250
SAST-00713,COMMAND_INJECTION,HIGH,api/controllers/search.py,68,exec() invoked with dynamic string from user data in authenticate at line 44,CWE-78,bandit,DAST-00713,COMMAND_INJECTION,HIGH,/api/v1/payments,RCE confirmed: shell command output in response body for parameter 'query',CWE-78,http-scanner,0,0.29,CVE-2024-71480
SAST-00911,COMMAND_INJECTION,CRITICAL,api/controllers/inventory.py,428,os.system() receives unsanitized request parameter 'next' at line 111,CWE-78,bandit,DAST-00911,SQL_INJECTION,HIGH,/api/v1/profile,Boolean-based blind SQLi detected at parameter 'email' in endpoint /api/v1/profile,CWE-89,owasp-zap,0,0.11,CVE-2022-49570
SAST-00405,COMMAND_INJECTION,HIGH,api/controllers/billing.py,28,os.system() receives unsanitized request parameter 'next' at line 386,CWE-78,bandit,DAST-00405,SECURITY_MISCONFIG,MEDIUM,/api/v1/billing,Server error reveals internal configuration details at /api/v1/billing,CWE-693,owasp-zap,1,0.71,CVE-2021-42740
SAST-00974,SQL_INJECTION,HIGH,api/controllers/users.py,449,Unparameterized cursor.execute() call detected; parameter 'user_id' not sanitized,CWE-89,bandit,DAST-00974,COMMAND_INJECTION,HIGH,/api/v1/products,"Server returns /etc/passwd content, command injection confirmed at /api/v1/products",CWE-78,owasp-zap,0,0.34,CVE-2022-35300
SAST-00553,XSS,HIGH,api/controllers/orders.py,471,Cross-site scripting risk: innerHTML assignment with user-controlled content in process_payment,CWE-79,bandit,DAST-00553,XSS,MEDIUM,/api/v1/inventory,DOM-based XSS via 'query' parameter in endpoint /api/v1/inventory,CWE-79,http-scanner,1,0.7,CVE-2022-51270
SAST-00711,COMMAND_INJECTION,CRITICAL,api/controllers/users.py,74,Command injection risk: subprocess call with user-controlled argument in handle_data,CWE-78,semgrep,DAST-00711,COMMAND_INJECTION,CRITICAL,/api/v1/products,RCE confirmed: shell command output in response body for parameter 'query',CWE-78,owasp-zap,0,0.37,CVE-2021-80150
SAST-00583,COMMAND_INJECTION,CRITICAL,api/controllers/auth.py,386,exec() invoked with dynamic string from user data in get_user at line 136,CWE-78,bandit,DAST-00583,COMMAND_INJECTION,HIGH,/api/v1/users,"Server returns /etc/passwd content, command injection confirmed at /api/v1/users",CWE-78,http-scanner,1,0.78,CVE-2022-16570
SAST-00785,XSS,HIGH,api/controllers/payments.py,51,User input 'token' reflected in HTML template without output encoding in handle_data,CWE-79,semgrep,DAST-00785,XSS,MEDIUM,/api/v1/search,Stored XSS confirmed: payload injected via 'callback' persists and executes,CWE-79,http-scanner,0,0.34,CVE-2022-12020
SAST-00925,HARDCODED_CREDENTIALS,HIGH,api/controllers/products.py,248,"Hardcoded password literal at line 407 in products, should use environment variable",CWE-798,semgrep,DAST-00925,MISSING_SECURITY_HEADERS,MEDIUM,/api/v1/inventory,Content-Security-Policy header absent from HTTP response at /api/v1/inventory,CWE-693,http-scanner,0,0.27,CVE-2022-49610
SAST-00978,OPEN_REDIRECT,MEDIUM,api/controllers/products.py,341,User-controlled URL 'filter' used in redirect without domain whitelist at line 492,CWE-601,semgrep,DAST-00978,SENSITIVE_DATA_EXPOSURE,MEDIUM,/api/v1/search,API key visible in HTTP response body at /api/v1/search,CWE-200,owasp-zap,0,0.42,CVE-2022-55580
SAST-00451,SQL_INJECTION,HIGH,api/controllers/payments.py,399,Database query uses email directly from request object without parameterized statement,CWE-89,semgrep,DAST-00451,SQL_INJECTION,HIGH,/api/v1/billing,Error-based SQLi: PostgreSQL exception message in response body for 'next',CWE-89,http-scanner,1,0.77,CVE-2024-95490
SAST-00859,XSS,MEDIUM,api/controllers/orders.py,467,User input 'name' reflected in HTML template without output encoding in authenticate,CWE-79,bandit,DAST-00859,CORS_MISCONFIGURATION,MEDIUM,/api/v1/orders,Server reflects arbitrary Origin header without validation at /api/v1/orders,CWE-942,owasp-zap,0,0.35,CVE-2024-81190
SAST-01240,HARDCODED_CREDENTIALS,HIGH,api/controllers/users.py,351,API key embedded as string constant in authenticate — rotate and move to secrets manager,CWE-798,semgrep,DAST-01240,RATE_LIMITING,MEDIUM,/api/v1/auth,No rate limit: 15 rapid requests to /api/v1/auth completed without throttling,CWE-770,owasp-zap,0,0.25,CVE-2024-21800
SAST-00875,XSS,HIGH,api/controllers/billing.py,83,Jinja2 template renders user input without autoescaping in update_profile at line 402,CWE-79,semgrep,DAST-00875,BROKEN_AUTH,HIGH,/api/v1/payments,"Session not invalidated after logout, token still valid at /api/v1/payments",CWE-287,owasp-zap,0,0.41,CVE-2021-56530
SAST-00170,SENSITIVE_DATA_EXPOSURE,LOW,api/controllers/admin.py,298,Password or token logged to console in handle_data at line 340,CWE-200,semgrep,DAST-00170,SENSITIVE_DATA_EXPOSURE,LOW,/api/v1/admin,PII data accessible via /api/v1/admin without proper access control,CWE-200,owasp-zap,1,0.91,CVE-2024-79990
SAST-00834,OPEN_REDIRECT,MEDIUM,api/controllers/search.py,460,User-controlled URL 'filter' used in redirect without domain whitelist at line 393,CWE-601,semgrep,DAST-00834,OPEN_REDIRECT,MEDIUM,/api/v1/auth,HTTP 302 redirect to attacker-controlled domain via 'name' parameter,CWE-601,owasp-zap,0,0.47,CVE-2024-27210
SAST-00247,OPEN_REDIRECT,MEDIUM,api/controllers/search.py,348,Open redirect: flask/django redirect uses unvalidated 'id' parameter in handle_data,CWE-601,bandit,DAST-00247,OPEN_REDIRECT,MEDIUM,/api/v1/search,HTTP 302 redirect to attacker-controlled domain via 'query' parameter,CWE-601,http-scanner,1,0.9,CVE-2022-20350
SAST-00677,XSS,MEDIUM,api/controllers/orders.py,284,User input 'callback' reflected in HTML template without output encoding in get_user,CWE-79,semgrep,DAST-00677,XSS,HIGH,/api/v1/search,Reflected XSS: <script>alert(1)</script> echoed unescaped in response for 'id',CWE-79,owasp-zap,0,0.32,CVE-2021-90400
SAST-00936,SENSITIVE_DATA_EXPOSURE,MEDIUM,api/controllers/auth.py,120,Password or token logged to console in get_user at line 340,CWE-200,semgrep,DAST-00936,RATE_LIMITING,MEDIUM,/api/v1/auth,"Authentication endpoint /api/v1/auth lacks rate limiting, brute force possible",CWE-770,owasp-zap,0,0.46,CVE-2023-27950
SAST-00609,XSS,HIGH,api/controllers/search.py,347,Jinja2 template renders user input without autoescaping in search at line 283,CWE-79,semgrep,DAST-00609,XSS,HIGH,/api/v1/payments,DOM-based XSS via 'email' parameter in endpoint /api/v1/payments,CWE-79,owasp-zap,0,0.51,CVE-2021-39310
SAST-00209,OPEN_REDIRECT,MEDIUM,api/controllers/payments.py,98,User-controlled URL 'user_id' used in redirect without domain whitelist at line 191,CWE-601,semgrep,DAST-00209,OPEN_REDIRECT,MEDIUM,/api/v1/payments,Open redirect confirmed: server redirects to evil.example.com without validation,CWE-601,owasp-zap,1,0.93,CVE-2024-66950
SAST-00678,SQL_INJECTION,HIGH,api/controllers/users.py,57,Unparameterized cursor.execute() call detected; parameter 'filter' not sanitized,CWE-89,bandit,DAST-00678,SQL_INJECTION,HIGH,/api/v1/products,Error-based SQLi: PostgreSQL exception message in response body for 'callback',CWE-89,owasp-zap,0,0.45,CVE-2021-60010
SAST-00814,XSS,MEDIUM,api/controllers/users.py,421,Jinja2 template renders user input without autoescaping in process_payment at line 319,CWE-79,bandit,DAST-00814,XSS,MEDIUM,/api/v1/billing,XSS probe reflected in HTTP 200 response without Content-Security-Policy,CWE-79,http-scanner,0,0.57,CVE-2024-48150
SAST-00140,XSS,MEDIUM,api/controllers/billing.py,94,Jinja2 template renders user input without autoescaping in update_profile at line 177,CWE-79,bandit,DAST-00140,XSS,HIGH,/api/v1/billing,Stored XSS confirmed: payload injected via 'next' persists and executes,CWE-79,owasp-zap,1,0.9,CVE-2024-76360
SAST-00874,INSECURE_DESERIALIZATION,CRITICAL,api/controllers/admin.py,301,Insecure deserialization: pickle.loads() called with user-supplied data at line 139,CWE-502,semgrep,DAST-00874,CORS_MISCONFIGURATION,MEDIUM,/api/v1/products,CORS misconfiguration allows cross-origin reads from attacker domain,CWE-942,http-scanner,0,0.31,CVE-2023-29660
SAST-00374,WEAK_CRYPTO,MEDIUM,api/controllers/admin.py,149,"random.random() used for security token generation at line 86, use secrets module",CWE-327,bandit,DAST-00374,INSECURE_TRANSPORT,HIGH,/api/v1/admin,Endpoint /api/v1/admin served over HTTP without HTTPS redirect,CWE-319,http-scanner,1,0.73,CVE-2023-15640
SAST-00605,SQL_INJECTION,HIGH,api/controllers/auth.py,21,Database query uses name directly from request object without parameterized statement,CWE-89,semgrep,DAST-00605,SQL_INJECTION,HIGH,/api/v1/billing,Boolean-based blind SQLi detected at parameter 'user_id' in endpoint /api/v1/billing,CWE-89,http-scanner,0,0.44,CVE-2024-24200
SAST-01212,HARDCODED_CREDENTIALS,HIGH,api/controllers/billing.py,71,Database credential hardcoded in billing at line 493,CWE-798,bandit,DAST-01212,CORS_MISCONFIGURATION,MEDIUM,/api/v1/inventory,Server reflects arbitrary Origin header without validation at /api/v1/inventory,CWE-942,owasp-zap,0,0.1,CVE-2021-63180
SAST-00371,COMMAND_INJECTION,HIGH,api/controllers/inventory.py,67,"Popen with shell=True and user input 'token', command injection vector in inventory",CWE-78,bandit,DAST-00371,SECURITY_MISCONFIG,MEDIUM,/api/v1/inventory,Server error reveals internal configuration details at /api/v1/inventory,CWE-693,owasp-zap,1,0.72,CVE-2024-56840
SAST-00932,SQL_INJECTION,CRITICAL,api/controllers/admin.py,91,Database query uses name directly from request object without parameterized statement,CWE-89,semgrep,DAST-00932,OPEN_REDIRECT,MEDIUM,/api/v1/admin,HTTP 302 redirect to attacker-controlled domain via 'callback' parameter,CWE-601,owasp-zap,0,0.35,CVE-2024-35990
SAST-00306,PATH_TRAVERSAL,HIGH,api/controllers/users.py,213,os.path.join with user input 'user_id' missing path.resolve() in users,CWE-22,bandit,DAST-00306,INFO_DISCLOSURE,MEDIUM,/api/v1/users,Internal IP address and hostname exposed in response headers at /api/v1/users,CWE-200,http-scanner,1,0.75,CVE-2022-34550
SAST-00199,SENSITIVE_DATA_EXPOSURE,LOW,api/controllers/admin.py,302,PII returned in API response without field filtering in admin,CWE-200,bandit,DAST-00199,SENSITIVE_DATA_EXPOSURE,LOW,/api/v1/admin,Password hash returned in API response at /api/v1/admin without authorization,CWE-200,http-scanner,1,0.83,CVE-2024-44800
SAST-00296,SENSITIVE_DATA_EXPOSURE,LOW,api/controllers/products.py,447,Credit card number present in debug log output at line 452,CWE-200,bandit,DAST-00296,SENSITIVE_DATA_EXPOSURE,LOW,/api/v1/products,PII data accessible via /api/v1/products without proper access control,CWE-200,http-scanner,1,0.95,CVE-2021-44110
SAST-00286,COMMAND_INJECTION,CRITICAL,api/controllers/billing.py,202,Command injection risk: subprocess call with user-controlled argument in get_user,CWE-78,semgrep,DAST-00286,COMMAND_INJECTION,CRITICAL,/api/v1/billing,"Server returns /etc/passwd content, command injection confirmed at /api/v1/billing",CWE-78,owasp-zap,1,0.91,CVE-2022-11070
SAST-00826,INFO_DISCLOSURE,MEDIUM,api/controllers/billing.py,396,Internal file path exposed in error message at line 218 in update_profile,CWE-200,semgrep,DAST-00826,INFO_DISCLOSURE,MEDIUM,/api/v1/inventory,Server version and framework details exposed in X-Powered-By header,CWE-200,http-scanner,0,0.6,CVE-2023-26370
SAST-00010,INFO_DISCLOSURE,MEDIUM,api/controllers/users.py,118,Exception stack trace returned to client in users,CWE-200,semgrep,DAST-00010,INFO_DISCLOSURE,MEDIUM,/api/v1/users,Internal IP address and hostname exposed in response headers at /api/v1/users,CWE-200,owasp-zap,1,0.86,CVE-2021-51960
SAST-00147,SQL_INJECTION,HIGH,api/controllers/inventory.py,330,Database query uses email directly from request object without parameterized statement,CWE-89,semgrep,DAST-00147,SQL_INJECTION,CRITICAL,/api/v1/inventory,SQL error in HTTP response after injection probe on 'callback': MySQL syntax error exposed,CWE-89,http-scanner,1,0.94,CVE-2023-97550
SAST-00342,WEAK_CRYPTO,MEDIUM,api/controllers/products.py,400,DES encryption detected in products — use AES-256 instead,CWE-327,bandit,DAST-00342,INSECURE_TRANSPORT,HIGH,/api/v1/products,"Sensitive data transmitted in cleartext to /api/v1/products, no TLS",CWE-319,owasp-zap,1,0.73,CVE-2022-94490
SAST-00999,PATH_TRAVERSAL,HIGH,api/controllers/billing.py,474,"File path from request not normalized in handle_data, directory traversal possible",CWE-22,semgrep,DAST-00999,OPEN_REDIRECT,MEDIUM,/api/v1/payments,HTTP 302 redirect to attacker-controlled domain via 'name' parameter,CWE-601,http-scanner,0,0.22,CVE-2021-78540
SAST-00811,OPEN_REDIRECT,MEDIUM,api/controllers/search.py,345,User-controlled URL 'query' used in redirect without domain whitelist at line 98,CWE-601,semgrep,DAST-00811,OPEN_REDIRECT,MEDIUM,/api/v1/payments,Open redirect confirmed: server redirects to evil.example.com without validation,CWE-601,owasp-zap,0,0.33,CVE-2024-69880
SAST-00344,SENSITIVE_DATA_EXPOSURE,LOW,api/controllers/billing.py,235,PII returned in API response without field filtering in billing,CWE-200,semgrep,DAST-00344,INFO_DISCLOSURE,LOW,/api/v1/billing,Server version and framework details exposed in X-Powered-By header,CWE-200,owasp-zap,1,0.86,CVE-2022-16780
SAST-00808,OPEN_REDIRECT,MEDIUM,api/controllers/profile.py,329,Open redirect: flask/django redirect uses unvalidated 'callback' parameter in update_profile,CWE-601,semgrep,DAST-00808,OPEN_REDIRECT,MEDIUM,/api/v1/payments,HTTP 302 redirect to attacker-controlled domain via 'next' parameter,CWE-601,owasp-zap,0,0.41,CVE-2024-92310
SAST-00486,COMMAND_INJECTION,HIGH,api/controllers/orders.py,214,exec() invoked with dynamic string from user data in get_user at line 140,CWE-78,semgrep,DAST-00486,COMMAND_INJECTION,HIGH,/api/v1/inventory,OS command output detected in HTTP response after injection probe on 'user_id',CWE-78,http-scanner,1,0.8,CVE-2023-16730
SAST-00536,XSS,MEDIUM,api/controllers/auth.py,255,Cross-site scripting risk: innerHTML assignment with user-controlled content in authenticate,CWE-79,semgrep,DAST-00536,XSS,MEDIUM,/api/v1/users,DOM-based XSS via 'token' parameter in endpoint /api/v1/users,CWE-79,http-scanner,1,0.81,CVE-2023-48620
SAST-00348,PATH_TRAVERSAL,HIGH,api/controllers/inventory.py,30,os.path.join with user input 'page' missing path.resolve() in inventory,CWE-22,semgrep,DAST-00348,INFO_DISCLOSURE,MEDIUM,/api/v1/inventory,Internal IP address and hostname exposed in response headers at /api/v1/inventory,CWE-200,http-scanner,1,0.81,CVE-2023-62900
SAST-00534,SQL_INJECTION,CRITICAL,api/controllers/payments.py,231,Potential SQL injection: user-controlled input passed to database query without sanitization at line 442 in search,CWE-89,bandit,DAST-00534,SQL_INJECTION,CRITICAL,/api/v1/billing,Error-based SQLi: PostgreSQL exception message in response body for 'id',CWE-89,owasp-zap,1,0.71,CVE-2024-15290
SAST-00135,INFO_DISCLOSURE,MEDIUM,api/controllers/profile.py,149,Internal file path exposed in error message at line 108 in authenticate,CWE-200,bandit,DAST-00135,INFO_DISCLOSURE,MEDIUM,/api/v1/profile,Internal IP address and hostname exposed in response headers at /api/v1/profile,CWE-200,http-scanner,1,0.95,CVE-2022-46590
SAST-00309,WEAK_CRYPTO,MEDIUM,api/controllers/orders.py,421,MD5 hash used for password storage in update_profile — use bcrypt or Argon2,CWE-327,semgrep,DAST-00309,INSECURE_TRANSPORT,HIGH,/api/v1/orders,Endpoint /api/v1/orders served over HTTP without HTTPS redirect,CWE-319,http-scanner,1,0.83,CVE-2022-35740
SAST-00367,SENSITIVE_DATA_EXPOSURE,MEDIUM,api/controllers/search.py,163,Password or token logged to console in update_profile at line 269,CWE-200,bandit,DAST-00367,INFO_DISCLOSURE,MEDIUM,/api/v1/search,Stack trace with internal file paths returned in HTTP 500 response at /api/v1/search,CWE-200,owasp-zap,1,0.84,CVE-2022-47150
SAST-00549,COMMAND_INJECTION,HIGH,api/controllers/payments.py,411,os.system() receives unsanitized request parameter 'name' at line 250,CWE-78,bandit,DAST-00549,COMMAND_INJECTION,CRITICAL,/api/v1/billing,OS command output detected in HTTP response after injection probe on 'email',CWE-78,http-scanner,1,0.76,CVE-2024-44260
SAST-00731,OPEN_REDIRECT,MEDIUM,api/controllers/admin.py,492,User-controlled URL 'page' used in redirect without domain whitelist at line 197,CWE-601,bandit,DAST-00731,OPEN_REDIRECT,MEDIUM,/api/v1/orders,Open redirect confirmed: server redirects to evil.example.com without validation,CWE-601,owasp-zap,0,0.3,CVE-2023-99240
SAST-00772,INFO_DISCLOSURE,MEDIUM,api/controllers/billing.py,117,Exception stack trace returned to client in billing,CWE-200,bandit,DAST-00772,INFO_DISCLOSURE,LOW,/api/v1/admin,Internal IP address and hostname exposed in response headers at /api/v1/admin,CWE-200,owasp-zap,0,0.44,CVE-2021-13670
SAST-00158,OPEN_REDIRECT,MEDIUM,api/controllers/inventory.py,336,User-controlled URL 'user_id' used in redirect without domain whitelist at line 14,CWE-601,bandit,DAST-00158,OPEN_REDIRECT,MEDIUM,/api/v1/inventory,Open redirect confirmed: server redirects to evil.example.com without validation,CWE-601,owasp-zap,1,0.97,CVE-2021-37880
SAST-00381,SQL_INJECTION,CRITICAL,api/controllers/billing.py,177,Potential SQL injection: user-controlled input passed to database query without sanitization at line 263 in handle_data,CWE-89,bandit,DAST-00381,INFO_DISCLOSURE,LOW,/api/v1/billing,Server version and framework details exposed in X-Powered-By header,CWE-200,owasp-zap,1,0.81,CVE-2024-36860
SAST-01127,PATH_TRAVERSAL,HIGH,api/controllers/search.py,393,Path traversal: open() called with user-supplied filename 'name' at line 345,CWE-22,bandit,DAST-01127,MISSING_SECURITY_HEADERS,LOW,/api/v1/inventory,"Strict-Transport-Security missing, HTTP downgrade possible at /api/v1/inventory",CWE-693,http-scanner,0,0.25,CVE-2023-36460
SAST-01183,INSECURE_DESERIALIZATION,CRITICAL,api/controllers/payments.py,473,yaml.load() without Loader argument in handle_data — arbitrary code execution risk,CWE-502,semgrep,DAST-01183,MISSING_SECURITY_HEADERS,MEDIUM,/api/v1/inventory,"Strict-Transport-Security missing, HTTP downgrade possible at /api/v1/inventory",CWE-693,owasp-zap,0,0.33,CVE-2024-82030
SAST-00682,SENSITIVE_DATA_EXPOSURE,MEDIUM,api/controllers/search.py,94,Password or token logged to console in get_user at line 416,CWE-200,semgrep,DAST-00682,SENSITIVE_DATA_EXPOSURE,MEDIUM,/api/v1/profile,PII data accessible via /api/v1/profile without proper access control,CWE-200,http-scanner,0,0.49,CVE-2023-81030
SAST-01062,WEAK_CRYPTO,MEDIUM,api/controllers/orders.py,407,"random.random() used for security token generation at line 230, use secrets module",CWE-327,bandit,DAST-01062,RATE_LIMITING,MEDIUM,/api/v1/products,No rate limit: 15 rapid requests to /api/v1/products completed without throttling,CWE-770,http-scanner,0,0.4,CVE-2021-30000
SAST-00809,XSS,HIGH,api/controllers/products.py,121,Cross-site scripting risk: innerHTML assignment with user-controlled content in authenticate,CWE-79,semgrep,DAST-00809,XSS,MEDIUM,/api/v1/auth,Stored XSS confirmed: payload injected via 'callback' persists and executes,CWE-79,http-scanner,0,0.4,CVE-2022-62700
SAST-00867,XSS,HIGH,api/controllers/auth.py,170,Cross-site scripting risk: innerHTML assignment with user-controlled content in search,CWE-79,semgrep,DAST-00867,INSECURE_TRANSPORT,HIGH,/api/v1/orders,"Sensitive data transmitted in cleartext to /api/v1/orders, no TLS",CWE-319,http-scanner,0,0.4,CVE-2022-30450
SAST-00096,INFO_DISCLOSURE,MEDIUM,api/controllers/inventory.py,458,Internal file path exposed in error message at line 402 in update_profile,CWE-200,semgrep,DAST-00096,INFO_DISCLOSURE,LOW,/api/v1/inventory,Server version and framework details exposed in X-Powered-By header,CWE-200,owasp-zap,1,0.94,CVE-2021-38630
SAST-00346,SQL_INJECTION,HIGH,api/controllers/products.py,140,Database query uses page directly from request object without parameterized statement,CWE-89,bandit,DAST-00346,INFO_DISCLOSURE,LOW,/api/v1/products,Database schema information leaked in error response for malformed request,CWE-200,owasp-zap,1,0.75,CVE-2022-97800
SAST-00850,INSECURE_DESERIALIZATION,HIGH,api/controllers/orders.py,390,marshal.loads() on user-controlled bytes in orders at line 58,CWE-502,semgrep,DAST-00850,RATE_LIMITING,MEDIUM,/api/v1/billing,No rate limit: 15 rapid requests to /api/v1/billing completed without throttling,CWE-770,http-scanner,0,0.22,CVE-2024-42870
SAST-01117,HARDCODED_CREDENTIALS,HIGH,api/controllers/payments.py,486,"Hardcoded password literal at line 37 in payments, should use environment variable",CWE-798,semgrep,DAST-01117,CORS_MISCONFIGURATION,HIGH,/api/v1/billing,CORS wildcard Access-Control-Allow-Origin: * at /api/v1/billing with credentials,CWE-942,http-scanner,0,0.07,CVE-2021-50310
SAST-00439,SQL_INJECTION,CRITICAL,api/controllers/inventory.py,431,Database query uses user_id directly from request object without parameterized statement,CWE-89,semgrep,DAST-00439,INFO_DISCLOSURE,MEDIUM,/api/v1/inventory,Database schema information leaked in error response for malformed request,CWE-200,owasp-zap,1,0.72,CVE-2024-69890
SAST-00156,SENSITIVE_DATA_EXPOSURE,MEDIUM,api/controllers/search.py,18,Credit card number present in debug log output at line 267,CWE-200,bandit,DAST-00156,SENSITIVE_DATA_EXPOSURE,LOW,/api/v1/search,Password hash returned in API response at /api/v1/search without authorization,CWE-200,owasp-zap,1,0.93,CVE-2022-85420
SAST-00968,WEAK_CRYPTO,MEDIUM,api/controllers/products.py,245,MD5 hash used for password storage in get_user — use bcrypt or Argon2,CWE-327,bandit,DAST-00968,BROKEN_AUTH,HIGH,/api/v1/search,Endpoint /api/v1/search accessible without valid session token,CWE-287,http-scanner,0,0.32,CVE-2023-83420
SAST-01119,WEAK_CRYPTO,MEDIUM,api/controllers/payments.py,73,MD5 hash used for password storage in update_profile — use bcrypt or Argon2,CWE-327,semgrep,DAST-01119,RATE_LIMITING,MEDIUM,/api/v1/profile,"Authentication endpoint /api/v1/profile lacks rate limiting, brute force possible",CWE-770,owasp-zap,0,0.18,CVE-2023-58080
SAST-00705,OPEN_REDIRECT,MEDIUM,api/controllers/profile.py,14,User-controlled URL 'user_id' used in redirect without domain whitelist at line 265,CWE-601,semgrep,DAST-00705,OPEN_REDIRECT,MEDIUM,/api/v1/admin,HTTP 302 redirect to attacker-controlled domain via 'user_id' parameter,CWE-601,http-scanner,0,0.45,CVE-2021-52340
SAST-00308,COMMAND_INJECTION,CRITICAL,api/controllers/search.py,197,exec() invoked with dynamic string from user data in search at line 104,CWE-78,bandit,DAST-00308,SECURITY_MISCONFIG,MEDIUM,/api/v1/search,Server error reveals internal configuration details at /api/v1/search,CWE-693,http-scanner,1,0.71,CVE-2021-95940
SAST-00543,COMMAND_INJECTION,CRITICAL,api/controllers/orders.py,446,exec() invoked with dynamic string from user data in update_profile at line 306,CWE-78,semgrep,DAST-00543,COMMAND_INJECTION,CRITICAL,/api/v1/inventory,"Server returns /etc/passwd content, command injection confirmed at /api/v1/inventory",CWE-78,owasp-zap,1,0.76,CVE-2021-12420
SAST-00394,PATH_TRAVERSAL,HIGH,api/controllers/admin.py,59,os.path.join with user input 'filter' missing path.resolve() in admin,CWE-22,semgrep,DAST-00394,INFO_DISCLOSURE,MEDIUM,/api/v1/admin,Database schema information leaked in error response for malformed request,CWE-200,http-scanner,1,0.8,CVE-2023-86340
SAST-00420,WEAK_CRYPTO,MEDIUM,api/controllers/payments.py,395,"random.random() used for security token generation at line 148, use secrets module",CWE-327,bandit,DAST-00420,INSECURE_TRANSPORT,HIGH,/api/v1/payments,Endpoint /api/v1/payments served over HTTP without HTTPS redirect,CWE-319,http-scanner,1,0.85,CVE-2021-82720
SAST-01115,INSECURE_DESERIALIZATION,HIGH,api/controllers/users.py,368,Insecure deserialization: pickle.loads() called with user-supplied data at line 443,CWE-502,semgrep,DAST-01115,BROKEN_AUTH,HIGH,/api/v1/auth,"Session not invalidated after logout, token still valid at /api/v1/auth",CWE-287,http-scanner,0,0.09,CVE-2024-65420
SAST-00894,HARDCODED_CREDENTIALS,HIGH,api/controllers/auth.py,326,API key embedded as string constant in get_user — rotate and move to secrets manager,CWE-798,semgrep,DAST-00894,CORS_MISCONFIGURATION,MEDIUM,/api/v1/payments,CORS wildcard Access-Control-Allow-Origin: * at /api/v1/payments with credentials,CWE-942,http-scanner,0,0.08,CVE-2021-48280
SAST-00481,XSS,MEDIUM,api/controllers/orders.py,294,"Unsafe document.write() with request data in orders, XSS vector",CWE-79,bandit,DAST-00481,XSS,MEDIUM,/api/v1/inventory,Stored XSS confirmed: payload injected via 'user_id' persists and executes,CWE-79,owasp-zap,1,0.76,CVE-2022-27180
SAST-00377,PATH_TRAVERSAL,HIGH,api/controllers/profile.py,83,Path traversal: open() called with user-supplied filename 'page' at line 450,CWE-22,semgrep,DAST-00377,INFO_DISCLOSURE,LOW,/api/v1/profile,Internal IP address and hostname exposed in response headers at /api/v1/profile,CWE-200,http-scanner,1,0.77,CVE-2021-29830
SAST-01147,PATH_TRAVERSAL,HIGH,api/controllers/products.py,220,"File path from request not normalized in handle_data, directory traversal possible",CWE-22,bandit,DAST-01147,CORS_MISCONFIGURATION,HIGH,/api/v1/inventory,CORS misconfiguration allows cross-origin reads from attacker domain,CWE-942,owasp-zap,0,0.18,CVE-2021-15030
SAST-01132,INSECURE_DESERIALIZATION,HIGH,api/controllers/inventory.py,199,Insecure deserialization: pickle.loads() called with user-supplied data at line 360,CWE-502,semgrep,DAST-01132,MISSING_SECURITY_HEADERS,LOW,/api/v1/users,Content-Security-Policy header absent from HTTP response at /api/v1/users,CWE-693,http-scanner,0,0.37,CVE-2024-73060
SAST-00979,WEAK_CRYPTO,MEDIUM,api/controllers/admin.py,319,"random.random() used for security token generation at line 472, use secrets module",CWE-327,semgrep,DAST-00979,INFO_DISCLOSURE,LOW,/api/v1/search,Database schema information leaked in error response for malformed request,CWE-200,owasp-zap,0,0.17,CVE-2022-16440
SAST-00610,XSS,HIGH,api/controllers/payments.py,448,dangerouslySetInnerHTML used without sanitization at line 436 in payments,CWE-79,bandit,DAST-00610,XSS,HIGH,/api/v1/search,DOM-based XSS via 'name' parameter in endpoint /api/v1/search,CWE-79,http-scanner,0,0.31,CVE-2022-87090
SAST-00599,SQL_INJECTION,CRITICAL,api/controllers/orders.py,168,Potential SQL injection: user-controlled input passed to database query without sanitization at line 267 in handle_data,CWE-89,semgrep,DAST-00599,SQL_INJECTION,HIGH,/api/v1/inventory,Error-based SQLi: PostgreSQL exception message in response body for 'callback',CWE-89,owasp-zap,1,0.83,CVE-2023-48320
SAST-00962,PATH_TRAVERSAL,HIGH,api/controllers/users.py,107,os.path.join with user input 'filter' missing path.resolve() in users,CWE-22,semgrep,DAST-00962,INFO_DISCLOSURE,LOW,/api/v1/orders,Internal IP address and hostname exposed in response headers at /api/v1/orders,CWE-200,owasp-zap,0,0.17,CVE-2023-51100
SAST-00178,INFO_DISCLOSURE,LOW,api/controllers/payments.py,258,Exception stack trace returned to client in payments,CWE-200,semgrep,DAST-00178,INFO_DISCLOSURE,MEDIUM,/api/v1/payments,Internal IP address and hostname exposed in response headers at /api/v1/payments,CWE-200,http-scanner,1,0.85,CVE-2021-30220
SAST-01201,WEAK_CRYPTO,MEDIUM,api/controllers/billing.py,468,MD5 hash used for password storage in process_payment — use bcrypt or Argon2,CWE-327,semgrep,DAST-01201,CORS_MISCONFIGURATION,HIGH,/api/v1/billing,CORS misconfiguration allows cross-origin reads from attacker domain,CWE-942,owasp-zap,0,0.11,CVE-2024-17540
SAST-00912,SQL_INJECTION,HIGH,api/controllers/inventory.py,368,Database query uses query directly from request object without parameterized statement,CWE-89,bandit,DAST-00912,RATE_LIMITING,MEDIUM,/api/v1/users,"Authentication endpoint /api/v1/users lacks rate limiting, brute force possible",CWE-770,http-scanner,0,0.33,CVE-2024-72040
SAST-01006,INSECURE_DESERIALIZATION,HIGH,api/controllers/profile.py,266,yaml.load() without Loader argument in update_profile — arbitrary code execution risk,CWE-502,bandit,DAST-01006,CORS_MISCONFIGURATION,HIGH,/api/v1/profile,CORS misconfiguration allows cross-origin reads from attacker domain,CWE-942,owasp-zap,0,0.23,CVE-2023-84200
SAST-00294,INFO_DISCLOSURE,LOW,api/controllers/payments.py,362,Exception stack trace returned to client in payments,CWE-200,semgrep,DAST-00294,INFO_DISCLOSURE,LOW,/api/v1/payments,Stack trace with internal file paths returned in HTTP 500 response at /api/v1/payments,CWE-200,http-scanner,1,0.86,CVE-2024-91340
SAST-00573,COMMAND_INJECTION,HIGH,api/controllers/payments.py,180,exec() invoked with dynamic string from user data in handle_data at line 99,CWE-78,semgrep,DAST-00573,COMMAND_INJECTION,CRITICAL,/api/v1/billing,OS command output detected in HTTP response after injection probe on 'name',CWE-78,http-scanner,1,0.75,CVE-2022-72320
SAST-01150,PATH_TRAVERSAL,HIGH,api/controllers/admin.py,410,Path traversal: open() called with user-supplied filename 'id' at line 269,CWE-22,semgrep,DAST-01150,RATE_LIMITING,MEDIUM,/api/v1/users,No rate limit: 15 rapid requests to /api/v1/users completed without throttling,CWE-770,owasp-zap,0,0.35,CVE-2022-40790
SAST-00435,WEAK_CRYPTO,MEDIUM,api/controllers/search.py,124,"random.random() used for security token generation at line 23, use secrets module",CWE-327,semgrep,DAST-00435,INSECURE_TRANSPORT,HIGH,/api/v1/search,"Sensitive data transmitted in cleartext to /api/v1/search, no TLS",CWE-319,http-scanner,1,0.71,CVE-2022-80390
SAST-00899,COMMAND_INJECTION,CRITICAL,api/controllers/search.py,82,os.system() receives unsanitized request parameter 'email' at line 250,CWE-78,semgrep,DAST-00899,SQL_INJECTION,HIGH,/api/v1/search,Error-based SQLi: PostgreSQL exception message in response body for 'filter',CWE-89,owasp-zap,0,0.36,CVE-2024-79140
SAST-00088,INFO_DISCLOSURE,MEDIUM,api/controllers/auth.py,391,Exception stack trace returned to client in auth,CWE-200,bandit,DAST-00088,INFO_DISCLOSURE,LOW,/api/v1/auth,Stack trace with internal file paths returned in HTTP 500 response at /api/v1/auth,CWE-200,http-scanner,1,0.88,CVE-2022-16790
SAST-01237,WEAK_CRYPTO,MEDIUM,api/controllers/auth.py,99,MD5 hash used for password storage in handle_data — use bcrypt or Argon2,CWE-327,semgrep,DAST-01237,MISSING_SECURITY_HEADERS,MEDIUM,/api/v1/products,Content-Security-Policy header absent from HTTP response at /api/v1/products,CWE-693,owasp-zap,0,0.16,CVE-2023-11430
SAST-00390,WEAK_CRYPTO,MEDIUM,api/controllers/payments.py,52,"random.random() used for security token generation at line 74, use secrets module",CWE-327,semgrep,DAST-00390,INSECURE_TRANSPORT,HIGH,/api/v1/payments,"Sensitive data transmitted in cleartext to /api/v1/payments, no TLS",CWE-319,http-scanner,1,0.68,CVE-2021-83100
SAST-01108,PATH_TRAVERSAL,HIGH,api/controllers/profile.py,188,os.path.join with user input 'filter' missing path.resolve() in profile,CWE-22,semgrep,DAST-01108,INSECURE_TRANSPORT,HIGH,/api/v1/users,Endpoint /api/v1/users served over HTTP without HTTPS redirect,CWE-319,owasp-zap,0,0.06,CVE-2023-27980
SAST-00526,SQL_INJECTION,CRITICAL,api/controllers/auth.py,344,"Dynamic SQL constructed via f-string concatenation at line 95, inject risk in auth",CWE-89,semgrep,DAST-00526,SQL_INJECTION,CRITICAL,/api/v1/users,Boolean-based blind SQLi detected at parameter 'callback' in endpoint /api/v1/users,CWE-89,http-scanner,1,0.81,CVE-2022-59430
SAST-00715,XSS,HIGH,api/controllers/inventory.py,158,"Unsafe document.write() with request data in inventory, XSS vector",CWE-79,semgrep,DAST-00715,XSS,HIGH,/api/v1/search,DOM-based XSS via 'query' parameter in endpoint /api/v1/search,CWE-79,http-scanner,0,0.42,CVE-2024-18410
SAST-00665,OPEN_REDIRECT,MEDIUM,api/controllers/profile.py,454,Open redirect: flask/django redirect uses unvalidated 'callback' parameter in handle_data,CWE-601,semgrep,DAST-00665,OPEN_REDIRECT,MEDIUM,/api/v1/orders,Open redirect confirmed: server redirects to evil.example.com without validation,CWE-601,http-scanner,0,0.42,CVE-2023-25510
SAST-00290,OPEN_REDIRECT,MEDIUM,api/controllers/users.py,317,Open redirect: flask/django redirect uses unvalidated 'user_id' parameter in update_profile,CWE-601,semgrep,DAST-00290,OPEN_REDIRECT,MEDIUM,/api/v1/users,HTTP 302 redirect to attacker-controlled domain via 'name' parameter,CWE-601,owasp-zap,1,0.86,CVE-2023-82610
SAST-00285,COMMAND_INJECTION,CRITICAL,api/controllers/products.py,461,exec() invoked with dynamic string from user data in authenticate at line 33,CWE-78,bandit,DAST-00285,COMMAND_INJECTION,CRITICAL,/api/v1/products,RCE confirmed: shell command output in response body for parameter 'page',CWE-78,owasp-zap,1,0.88,CVE-2023-78060
SAST-01063,OPEN_REDIRECT,MEDIUM,api/controllers/orders.py,276,User-controlled URL 'filter' used in redirect without domain whitelist at line 320,CWE-601,semgrep,DAST-01063,RATE_LIMITING,MEDIUM,/api/v1/orders,No rate limit: 15 rapid requests to /api/v1/orders completed without throttling,CWE-770,http-scanner,0,0.48,CVE-2021-87200
SAST-01231,WEAK_CRYPTO,MEDIUM,api/controllers/search.py,363,"random.random() used for security token generation at line 365, use secrets module",CWE-327,bandit,DAST-01231,MISSING_SECURITY_HEADERS,MEDIUM,/api/v1/users,Content-Security-Policy header absent from HTTP response at /api/v1/users,CWE-693,http-scanner,0,0.39,CVE-2024-47710
SAST-01085,OPEN_REDIRECT,MEDIUM,api/controllers/payments.py,95,Open redirect: flask/django redirect uses unvalidated 'user_id' parameter in update_profile,CWE-601,semgrep,DAST-01085,INFO_DISCLOSURE,MEDIUM,/api/v1/admin,Database schema information leaked in error response for malformed request,CWE-200,http-scanner,0,0.33,CVE-2022-48520
SAST-00266,COMMAND_INJECTION,HIGH,api/controllers/search.py,363,os.system() receives unsanitized request parameter 'token' at line 411,CWE-78,bandit,DAST-00266,COMMAND_INJECTION,CRITICAL,/api/v1/search,"Server returns /etc/passwd content, command injection confirmed at /api/v1/search",CWE-78,owasp-zap,1,0.95,CVE-2023-84860
SAST-00327,SQL_INJECTION,HIGH,api/controllers/payments.py,369,Unparameterized cursor.execute() call detected; parameter 'user_id' not sanitized,CWE-89,semgrep,DAST-00327,INFO_DISCLOSURE,MEDIUM,/api/v1/payments,Server version and framework details exposed in X-Powered-By header,CWE-200,http-scanner,1,0.82,CVE-2021-23990
SAST-00339,WEAK_CRYPTO,MEDIUM,api/controllers/search.py,50,MD5 hash used for password storage in authenticate — use bcrypt or Argon2,CWE-327,semgrep,DAST-00339,INSECURE_TRANSPORT,HIGH,/api/v1/search,"Sensitive data transmitted in cleartext to /api/v1/search, no TLS",CWE-319,owasp-zap,1,0.8,CVE-2023-80660
SAST-00059,SENSITIVE_DATA_EXPOSURE,MEDIUM,api/controllers/orders.py,129,Credit card number present in debug log output at line 448,CWE-200,semgrep,DAST-00059,SENSITIVE_DATA_EXPOSURE,MEDIUM,/api/v1/orders,API key visible in HTTP response body at /api/v1/orders,CWE-200,owasp-zap,1,0.9,CVE-2021-34260
SAST-00931,PATH_TRAVERSAL,HIGH,api/controllers/billing.py,188,"File path from request not normalized in authenticate, directory traversal possible",CWE-22,semgrep,DAST-00931,BROKEN_AUTH,HIGH,/api/v1/inventory,Endpoint /api/v1/inventory accessible without valid session token,CWE-287,owasp-zap,0,0.46,CVE-2023-14420
SAST-01227,PATH_TRAVERSAL,HIGH,api/controllers/auth.py,340,"File path from request not normalized in authenticate, directory traversal possible",CWE-22,bandit,DAST-01227,MISSING_SECURITY_HEADERS,LOW,/api/v1/profile,"Strict-Transport-Security missing, HTTP downgrade possible at /api/v1/profile",CWE-693,owasp-zap,0,0.06,CVE-2022-19600
SAST-01278,HARDCODED_CREDENTIALS,HIGH,api/controllers/search.py,438,API key embedded as string constant in handle_data — rotate and move to secrets manager,CWE-798,bandit,DAST-01278,BROKEN_AUTH,HIGH,/api/v1/products,Endpoint /api/v1/products accessible without valid session token,CWE-287,http-scanner,0,0.14,CVE-2023-35570
SAST-00818,OPEN_REDIRECT,MEDIUM,api/controllers/search.py,85,Open redirect: flask/django redirect uses unvalidated 'id' parameter in process_payment,CWE-601,bandit,DAST-00818,OPEN_REDIRECT,MEDIUM,/api/v1/admin,Open redirect confirmed: server redirects to evil.example.com without validation,CWE-601,owasp-zap,0,0.47,CVE-2023-29710
SAST-00765,COMMAND_INJECTION,CRITICAL,api/controllers/products.py,150,Command injection risk: subprocess call with user-controlled argument in get_user,CWE-78,semgrep,DAST-00765,COMMAND_INJECTION,CRITICAL,/api/v1/billing,RCE confirmed: shell command output in response body for parameter 'callback',CWE-78,owasp-zap,0,0.36,CVE-2023-96290
SAST-00409,WEAK_CRYPTO,MEDIUM,api/controllers/search.py,364,"random.random() used for security token generation at line 74, use secrets module",CWE-327,semgrep,DAST-00409,INSECURE_TRANSPORT,HIGH,/api/v1/search,"Sensitive data transmitted in cleartext to /api/v1/search, no TLS",CWE-319,owasp-zap,1,0.79,CVE-2024-67600
SAST-00333,SENSITIVE_DATA_EXPOSURE,MEDIUM,api/controllers/inventory.py,430,Credit card number present in debug log output at line 198,CWE-200,semgrep,DAST-00333,INFO_DISCLOSURE,LOW,/api/v1/inventory,Stack trace with internal file paths returned in HTTP 500 response at /api/v1/inventory,CWE-200,owasp-zap,1,0.86,CVE-2021-73640
SAST-00579,COMMAND_INJECTION,CRITICAL,api/controllers/auth.py,50,"Popen with shell=True and user input 'callback', command injection vector in auth",CWE-78,semgrep,DAST-00579,COMMAND_INJECTION,CRITICAL,/api/v1/users,OS command output detected in HTTP response after injection probe on 'email',CWE-78,http-scanner,1,0.8,CVE-2024-55880
SAST-00839,OPEN_REDIRECT,MEDIUM,api/controllers/inventory.py,304,Open redirect: flask/django redirect uses unvalidated 'name' parameter in authenticate,CWE-601,semgrep,DAST-00839,OPEN_REDIRECT,MEDIUM,/api/v1/profile,HTTP 302 redirect to attacker-controlled domain via 'callback' parameter,CWE-601,owasp-zap,0,0.37,CVE-2022-66070
SAST-00545,XSS,MEDIUM,api/controllers/auth.py,82,Jinja2 template renders user input without autoescaping in search at line 158,CWE-79,semgrep,DAST-00545,XSS,MEDIUM,/api/v1/users,Reflected XSS: <script>alert(1)</script> echoed unescaped in response for 'page',CWE-79,owasp-zap,1,0.73,CVE-2022-91700
SAST-00886,INFO_DISCLOSURE,LOW,api/controllers/users.py,476,Exception stack trace returned to client in users,CWE-200,bandit,DAST-00886,OPEN_REDIRECT,MEDIUM,/api/v1/orders,Open redirect confirmed: server redirects to evil.example.com without validation,CWE-601,owasp-zap,0,0.32,CVE-2021-20210
SAST-01190,HARDCODED_CREDENTIALS,HIGH,api/controllers/inventory.py,317,API key embedded as string constant in authenticate — rotate and move to secrets manager,CWE-798,semgrep,DAST-01190,BROKEN_AUTH,HIGH,/api/v1/search,"Session not invalidated after logout, token still valid at /api/v1/search",CWE-287,owasp-zap,0,0.11,CVE-2021-25590
SAST-01206,HARDCODED_CREDENTIALS,HIGH,api/controllers/products.py,270,Database credential hardcoded in products at line 475,CWE-798,bandit,DAST-01206,INSECURE_TRANSPORT,HIGH,/api/v1/inventory,"Sensitive data transmitted in cleartext to /api/v1/inventory, no TLS",CWE-319,owasp-zap,0,0.4,CVE-2022-10500
SAST-00720,SQL_INJECTION,HIGH,api/controllers/users.py,41,"Dynamic SQL constructed via f-string concatenation at line 323, inject risk in users",CWE-89,bandit,DAST-00720,SQL_INJECTION,CRITICAL,/api/v1/inventory,SQL error in HTTP response after injection probe on 'name': MySQL syntax error exposed,CWE-89,owasp-zap,0,0.59,CVE-2023-40470
SAST-00764,OPEN_REDIRECT,MEDIUM,api/controllers/products.py,49,User-controlled URL 'callback' used in redirect without domain whitelist at line 47,CWE-601,bandit,DAST-00764,OPEN_REDIRECT,MEDIUM,/api/v1/users,HTTP 302 redirect to attacker-controlled domain via 'name' parameter,CWE-601,http-scanner,0,0.35,CVE-2023-34590
SAST-00461,COMMAND_INJECTION,HIGH,api/controllers/orders.py,331,os.system() receives unsanitized request parameter 'user_id' at line 370,CWE-78,semgrep,DAST-00461,COMMAND_INJECTION,CRITICAL,/api/v1/inventory,OS command output detected in HTTP response after injection probe on 'email',CWE-78,http-scanner,1,0.82,CVE-2021-49240
SAST-00328,PATH_TRAVERSAL,HIGH,api/controllers/admin.py,138,os.path.join with user input 'next' missing path.resolve() in admin,CWE-22,semgrep,DAST-00328,INFO_DISCLOSURE,MEDIUM,/api/v1/admin,Database schema information leaked in error response for malformed request,CWE-200,http-scanner,1,0.74,CVE-2024-46960
SAST-00433,PATH_TRAVERSAL,HIGH,api/controllers/profile.py,422,"File path from request not normalized in search, directory traversal possible",CWE-22,bandit,DAST-00433,INFO_DISCLOSURE,LOW,/api/v1/profile,Stack trace with internal file paths returned in HTTP 500 response at /api/v1/profile,CWE-200,http-scanner,1,0.69,CVE-2023-76260
SAST-01078,XSS,MEDIUM,api/controllers/products.py,53,Jinja2 template renders user input without autoescaping in get_user at line 347,CWE-79,bandit,DAST-01078,MISSING_SECURITY_HEADERS,LOW,/api/v1/admin,"X-Frame-Options not set, clickjacking attack vector exists at /api/v1/admin",CWE-693,owasp-zap,0,0.41,CVE-2024-93280
SAST-00983,PATH_TRAVERSAL,HIGH,api/controllers/inventory.py,239,"File path from request not normalized in process_payment, directory traversal possible",CWE-22,semgrep,DAST-00983,SENSITIVE_DATA_EXPOSURE,MEDIUM,/api/v1/admin,API key visible in HTTP response body at /api/v1/admin,CWE-200,owasp-zap,0,0.45,CVE-2024-59490
SAST-00083,COMMAND_INJECTION,CRITICAL,api/controllers/users.py,379,"Popen with shell=True and user input 'name', command injection vector in users",CWE-78,bandit,DAST-00083,COMMAND_INJECTION,HIGH,/api/v1/users,OS command output detected in HTTP response after injection probe on 'id',CWE-78,owasp-zap,1,0.87,CVE-2024-17880
SAST-00129,OPEN_REDIRECT,MEDIUM,api/controllers/inventory.py,356,User-controlled URL 'page' used in redirect without domain whitelist at line 405,CWE-601,semgrep,DAST-00129,OPEN_REDIRECT,MEDIUM,/api/v1/inventory,HTTP 302 redirect to attacker-controlled domain via 'page' parameter,CWE-601,owasp-zap,1,0.98,CVE-2023-25040
SAST-00722,SENSITIVE_DATA_EXPOSURE,LOW,api/controllers/auth.py,467,Password or token logged to console in process_payment at line 12,CWE-200,bandit,DAST-00722,SENSITIVE_DATA_EXPOSURE,LOW,/api/v1/admin,PII data accessible via /api/v1/admin without proper access control,CWE-200,http-scanner,0,0.34,CVE-2022-55970
SAST-01113,PATH_TRAVERSAL,HIGH,api/controllers/orders.py,28,os.path.join with user input 'token' missing path.resolve() in orders,CWE-22,semgrep,DAST-01113,CORS_MISCONFIGURATION,MEDIUM,/api/v1/products,Server reflects arbitrary Origin header without validation at /api/v1/products,CWE-942,http-scanner,0,0.28,CVE-2023-27560
SAST-00171,INFO_DISCLOSURE,MEDIUM,api/controllers/billing.py,201,Internal file path exposed in error message at line 210 in search,CWE-200,bandit,DAST-00171,INFO_DISCLOSURE,LOW,/api/v1/billing,Database schema information leaked in error response for malformed request,CWE-200,http-scanner,1,0.98,CVE-2021-66260
SAST-00582,COMMAND_INJECTION,CRITICAL,api/controllers/orders.py,463,Command injection risk: subprocess call with user-controlled argument in authenticate,CWE-78,bandit,DAST-00582,COMMAND_INJECTION,CRITICAL,/api/v1/inventory,OS command output detected in HTTP response after injection probe on 'filter',CWE-78,http-scanner,1,0.78,CVE-2023-71290
SAST-00260,XSS,HIGH,api/controllers/profile.py,64,dangerouslySetInnerHTML used without sanitization at line 140 in profile,CWE-79,bandit,DAST-00260,XSS,HIGH,/api/v1/profile,Reflected XSS: <script>alert(1)</script> echoed unescaped in response for 'token',CWE-79,http-scanner,1,0.84,CVE-2024-11620
SAST-00622,OPEN_REDIRECT,MEDIUM,api/controllers/admin.py,261,Open redirect: flask/django redirect uses unvalidated 'email' parameter in authenticate,CWE-601,bandit,DAST-00622,OPEN_REDIRECT,MEDIUM,/api/v1/payments,Open redirect confirmed: server redirects to evil.example.com without validation,CWE-601,owasp-zap,0,0.54,CVE-2022-83920
SAST-00636,COMMAND_INJECTION,HIGH,api/controllers/search.py,124,Command injection risk: subprocess call with user-controlled argument in update_profile,CWE-78,semgrep,DAST-00636,COMMAND_INJECTION,HIGH,/api/v1/billing,OS command output detected in HTTP response after injection probe on 'user_id',CWE-78,http-scanner,0,0.58,CVE-2021-43760
SAST-01070,OPEN_REDIRECT,MEDIUM,api/controllers/profile.py,92,User-controlled URL 'name' used in redirect without domain whitelist at line 299,CWE-601,bandit,DAST-01070,SENSITIVE_DATA_EXPOSURE,MEDIUM,/api/v1/search,Password hash returned in API response at /api/v1/search without authorization,CWE-200,http-scanner,0,0.11,CVE-2022-47970
SAST-01149,PATH_TRAVERSAL,HIGH,api/controllers/products.py,414,Path traversal: open() called with user-supplied filename 'user_id' at line 233,CWE-22,bandit,DAST-01149,BROKEN_AUTH,HIGH,/api/v1/search,JWT accepted without signature verification at /api/v1/search,CWE-287,http-scanner,0,0.17,CVE-2021-29120
SAST-00332,PATH_TRAVERSAL,HIGH,api/controllers/inventory.py,35,os.path.join with user input 'name' missing path.resolve() in inventory,CWE-22,bandit,DAST-00332,INFO_DISCLOSURE,LOW,/api/v1/inventory,Stack trace with internal file paths returned in HTTP 500 response at /api/v1/inventory,CWE-200,http-scanner,1,0.83,CVE-2021-49780
SAST-00355,COMMAND_INJECTION,HIGH,api/controllers/products.py,321,exec() invoked with dynamic string from user data in search at line 386,CWE-78,semgrep,DAST-00355,SECURITY_MISCONFIG,MEDIUM,/api/v1/products,HTTP 500 with verbose error message and stack trace at /api/v1/products,CWE-693,owasp-zap,1,0.78,CVE-2023-89260
SAST-00138,SENSITIVE_DATA_EXPOSURE,MEDIUM,api/controllers/inventory.py,363,Credit card number present in debug log output at line 70,CWE-200,semgrep,DAST-00138,SENSITIVE_DATA_EXPOSURE,LOW,/api/v1/inventory,API key visible in HTTP response body at /api/v1/inventory,CWE-200,owasp-zap,1,0.9,CVE-2023-74850
SAST-00292,INFO_DISCLOSURE,MEDIUM,api/controllers/auth.py,347,Internal file path exposed in error message at line 76 in update_profile,CWE-200,bandit,DAST-00292,INFO_DISCLOSURE,MEDIUM,/api/v1/auth,Internal IP address and hostname exposed in response headers at /api/v1/auth,CWE-200,http-scanner,1,0.86,CVE-2024-55960
SAST-01057,WEAK_CRYPTO,MEDIUM,api/controllers/orders.py,192,"random.random() used for security token generation at line 36, use secrets module",CWE-327,bandit,DAST-01057,RATE_LIMITING,MEDIUM,/api/v1/products,No rate limit: 15 rapid requests to /api/v1/products completed without throttling,CWE-770,owasp-zap,0,0.34,CVE-2024-83730
SAST-00429,SENSITIVE_DATA_EXPOSURE,MEDIUM,api/controllers/users.py,341,Password or token logged to console in process_payment at line 371,CWE-200,semgrep,DAST-00429,INFO_DISCLOSURE,MEDIUM,/api/v1/users,Server version and framework details exposed in X-Powered-By header,CWE-200,http-scanner,1,0.85,CVE-2022-11370
SAST-00141,OPEN_REDIRECT,MEDIUM,api/controllers/profile.py,354,Open redirect: flask/django redirect uses unvalidated 'id' parameter in process_payment,CWE-601,semgrep,DAST-00141,OPEN_REDIRECT,MEDIUM,/api/v1/profile,Open redirect confirmed: server redirects to evil.example.com without validation,CWE-601,owasp-zap,1,0.83,CVE-2023-55790
SAST-01158,HARDCODED_CREDENTIALS,HIGH,api/controllers/profile.py,134,API key embedded as string constant in process_payment — rotate and move to secrets manager,CWE-798,semgrep,DAST-01158,BROKEN_AUTH,HIGH,/api/v1/users,Endpoint /api/v1/users accessible without valid session token,CWE-287,http-scanner,0,0.29,CVE-2021-57690
SAST-00591,SQL_INJECTION,HIGH,api/controllers/payments.py,23,"Dynamic SQL constructed via f-string concatenation at line 318, inject risk in payments",CWE-89,semgrep,DAST-00591,SQL_INJECTION,CRITICAL,/api/v1/billing,UNION-based injection confirmed at 'next': database rows returned in response,CWE-89,http-scanner,1,0.79,CVE-2021-12050
SAST-00762,COMMAND_INJECTION,HIGH,api/controllers/inventory.py,195,Command injection risk: subprocess call with user-controlled argument in get_user,CWE-78,semgrep,DAST-00762,COMMAND_INJECTION,HIGH,/api/v1/auth,RCE confirmed: shell command output in response body for parameter 'filter',CWE-78,http-scanner,0,0.42,CVE-2022-82990
SAST-00139,OPEN_REDIRECT,MEDIUM,api/controllers/inventory.py,400,User-controlled URL 'name' used in redirect without domain whitelist at line 136,CWE-601,bandit,DAST-00139,OPEN_REDIRECT,MEDIUM,/api/v1/inventory,Open redirect confirmed: server redirects to evil.example.com without validation,CWE-601,owasp-zap,1,0.96,CVE-2024-71270
SAST-01226,WEAK_CRYPTO,MEDIUM,api/controllers/inventory.py,458,"random.random() used for security token generation at line 389, use secrets module",CWE-327,semgrep,DAST-01226,MISSING_SECURITY_HEADERS,LOW,/api/v1/profile,"X-Frame-Options not set, clickjacking attack vector exists at /api/v1/profile",CWE-693,http-scanner,0,0.19,CVE-2022-47780
SAST-00984,COMMAND_INJECTION,HIGH,api/controllers/payments.py,487,Command injection risk: subprocess call with user-controlled argument in search,CWE-78,semgrep,DAST-00984,OPEN_REDIRECT,MEDIUM,/api/v1/search,HTTP 302 redirect to attacker-controlled domain via 'query' parameter,CWE-601,http-scanner,0,0.2,CVE-2022-64330
SAST-00224,SQL_INJECTION,HIGH,api/controllers/inventory.py,199,"Dynamic SQL constructed via f-string concatenation at line 463, inject risk in inventory",CWE-89,bandit,DAST-00224,SQL_INJECTION,HIGH,/api/v1/inventory,Error-based SQLi: PostgreSQL exception message in response body for 'next',CWE-89,http-scanner,1,0.86,CVE-2022-96000
SAST-00453,COMMAND_INJECTION,HIGH,api/controllers/orders.py,261,"Popen with shell=True and user input 'page', command injection vector in orders",CWE-78,semgrep,DAST-00453,COMMAND_INJECTION,HIGH,/api/v1/inventory,"Server returns /etc/passwd content, command injection confirmed at /api/v1/inventory",CWE-78,http-scanner,1,0.76,CVE-2022-22430
SAST-00274,SQL_INJECTION,HIGH,api/controllers/profile.py,54,Unparameterized cursor.execute() call detected; parameter 'user_id' not sanitized,CWE-89,semgrep,DAST-00274,SQL_INJECTION,HIGH,/api/v1/profile,SQL error in HTTP response after injection probe on 'callback': MySQL syntax error exposed,CWE-89,http-scanner,1,0.9,CVE-2023-95050
SAST-00323,SQL_INJECTION,HIGH,api/controllers/search.py,288,"Dynamic SQL constructed via f-string concatenation at line 250, inject risk in search",CWE-89,semgrep,DAST-00323,INFO_DISCLOSURE,LOW,/api/v1/search,Internal IP address and hostname exposed in response headers at /api/v1/search,CWE-200,http-scanner,1,0.83,CVE-2024-30290
SAST-01193,HARDCODED_CREDENTIALS,HIGH,api/controllers/auth.py,442,API key embedded as string constant in search — rotate and move to secrets manager,CWE-798,bandit,DAST-01193,BROKEN_AUTH,HIGH,/api/v1/admin,"Session not invalidated after logout, token still valid at /api/v1/admin",CWE-287,owasp-zap,0,0.07,CVE-2023-87340
SAST-00325,WEAK_CRYPTO,MEDIUM,api/controllers/inventory.py,256,MD5 hash used for password storage in process_payment — use bcrypt or Argon2,CWE-327,semgrep,DAST-00325,INSECURE_TRANSPORT,HIGH,/api/v1/inventory,Endpoint /api/v1/inventory served over HTTP without HTTPS redirect,CWE-319,http-scanner,1,0.68,CVE-2023-10940
SAST-00551,SQL_INJECTION,CRITICAL,api/controllers/payments.py,302,"Dynamic SQL constructed via f-string concatenation at line 90, inject risk in payments",CWE-89,bandit,DAST-00551,SQL_INJECTION,HIGH,/api/v1/billing,UNION-based injection confirmed at 'email': database rows returned in response,CWE-89,http-scanner,1,0.73,CVE-2021-36960
SAST-00597,COMMAND_INJECTION,CRITICAL,api/controllers/payments.py,498,os.system() receives unsanitized request parameter 'id' at line 204,CWE-78,semgrep,DAST-00597,COMMAND_INJECTION,HIGH,/api/v1/billing,OS command output detected in HTTP response after injection probe on 'callback',CWE-78,http-scanner,1,0.8,CVE-2021-92770
SAST-00668,SQL_INJECTION,CRITICAL,api/controllers/users.py,452,"Raw SQL query built with string formatting in authenticate, vulnerable to injection attack",CWE-89,semgrep,DAST-00668,SQL_INJECTION,CRITICAL,/api/v1/billing,SQL error in HTTP response after injection probe on 'next': MySQL syntax error exposed,CWE-89,owasp-zap,0,0.29,CVE-2022-42980
SAST-00845,SENSITIVE_DATA_EXPOSURE,MEDIUM,api/controllers/products.py,383,Password or token logged to console in process_payment at line 341,CWE-200,bandit,DAST-00845,SENSITIVE_DATA_EXPOSURE,LOW,/api/v1/inventory,Password hash returned in API response at /api/v1/inventory without authorization,CWE-200,owasp-zap,0,0.33,CVE-2024-47890
SAST-00966,INSECURE_DESERIALIZATION,HIGH,api/controllers/products.py,466,Insecure deserialization: pickle.loads() called with user-supplied data at line 348,CWE-502,bandit,DAST-00966,CORS_MISCONFIGURATION,HIGH,/api/v1/auth,Server reflects arbitrary Origin header without validation at /api/v1/auth,CWE-942,owasp-zap,0,0.17,CVE-2022-94800
SAST-00934,XSS,HIGH,api/controllers/payments.py,121,dangerouslySetInnerHTML used without sanitization at line 271 in payments,CWE-79,bandit,DAST-00934,COMMAND_INJECTION,CRITICAL,/api/v1/orders,OS command output detected in HTTP response after injection probe on 'callback',CWE-78,http-scanner,0,0.27,CVE-2023-86080
SAST-00718,OPEN_REDIRECT,MEDIUM,api/controllers/users.py,44,User-controlled URL 'next' used in redirect without domain whitelist at line 479,CWE-601,semgrep,DAST-00718,OPEN_REDIRECT,MEDIUM,/api/v1/products,Open redirect confirmed: server redirects to evil.example.com without validation,CWE-601,http-scanner,0,0.32,CVE-2023-42380
SAST-00777,OPEN_REDIRECT,MEDIUM,api/controllers/products.py,439,User-controlled URL 'email' used in redirect without domain whitelist at line 277,CWE-601,bandit,DAST-00777,OPEN_REDIRECT,MEDIUM,/api/v1/inventory,HTTP 302 redirect to attacker-controlled domain via 'page' parameter,CWE-601,owasp-zap,0,0.57,CVE-2024-29430
SAST-01049,INFO_DISCLOSURE,LOW,api/controllers/billing.py,313,Internal file path exposed in error message at line 56 in handle_data,CWE-200,semgrep,DAST-01049,MISSING_SECURITY_HEADERS,MEDIUM,/api/v1/orders,Content-Security-Policy header absent from HTTP response at /api/v1/orders,CWE-693,owasp-zap,0,0.45,CVE-2021-32770
SAST-00438,WEAK_CRYPTO,MEDIUM,api/controllers/auth.py,402,DES encryption detected in auth — use AES-256 instead,CWE-327,bandit,DAST-00438,INSECURE_TRANSPORT,HIGH,/api/v1/auth,"Sensitive data transmitted in cleartext to /api/v1/auth, no TLS",CWE-319,http-scanner,1,0.81,CVE-2023-67580
SAST-00578,SQL_INJECTION,HIGH,api/controllers/auth.py,228,Database query uses page directly from request object without parameterized statement,CWE-89,bandit,DAST-00578,SQL_INJECTION,HIGH,/api/v1/users,UNION-based injection confirmed at 'name': database rows returned in response,CWE-89,owasp-zap,1,0.74,CVE-2024-33770
SAST-00671,COMMAND_INJECTION,HIGH,api/controllers/products.py,422,Command injection risk: subprocess call with user-controlled argument in authenticate,CWE-78,bandit,DAST-00671,COMMAND_INJECTION,CRITICAL,/api/v1/search,RCE confirmed: shell command output in response body for parameter 'name',CWE-78,owasp-zap,0,0.5,CVE-2024-69880
SAST-01005,COMMAND_INJECTION,HIGH,api/controllers/products.py,195,os.system() receives unsanitized request parameter 'page' at line 59,CWE-78,bandit,DAST-01005,RATE_LIMITING,MEDIUM,/api/v1/auth,No rate limit: 15 rapid requests to /api/v1/auth completed without throttling,CWE-770,owasp-zap,0,0.41,CVE-2022-96980
SAST-00812,SQL_INJECTION,CRITICAL,api/controllers/billing.py,322,Potential SQL injection: user-controlled input passed to database query without sanitization at line 137 in get_user,CWE-89,semgrep,DAST-00812,SQL_INJECTION,CRITICAL,/api/v1/profile,SQL error in HTTP response after injection probe on 'name': MySQL syntax error exposed,CWE-89,http-scanner,0,0.47,CVE-2022-46500
SAST-00746,INFO_DISCLOSURE,MEDIUM,api/controllers/orders.py,417,Internal file path exposed in error message at line 156 in process_payment,CWE-200,bandit,DAST-00746,INFO_DISCLOSURE,MEDIUM,/api/v1/profile,Stack trace with internal file paths returned in HTTP 500 response at /api/v1/profile,CWE-200,http-scanner,0,0.5,CVE-2022-49820
SAST-00793,XSS,MEDIUM,api/controllers/users.py,104,User input 'callback' reflected in HTML template without output encoding in get_user,CWE-79,bandit,DAST-00793,XSS,MEDIUM,/api/v1/products,Stored XSS confirmed: payload injected via 'filter' persists and executes,CWE-79,owasp-zap,0,0.44,CVE-2023-55910
SAST-00321,WEAK_CRYPTO,MEDIUM,api/controllers/profile.py,106,"random.random() used for security token generation at line 174, use secrets module",CWE-327,bandit,DAST-00321,INSECURE_TRANSPORT,HIGH,/api/v1/profile,Endpoint /api/v1/profile served over HTTP without HTTPS redirect,CWE-319,owasp-zap,1,0.82,CVE-2021-15370
SAST-00432,PATH_TRAVERSAL,HIGH,api/controllers/users.py,199,os.path.join with user input 'id' missing path.resolve() in users,CWE-22,semgrep,DAST-00432,INFO_DISCLOSURE,MEDIUM,/api/v1/users,Database schema information leaked in error response for malformed request,CWE-200,owasp-zap,1,0.72,CVE-2024-31120
SAST-00739,XSS,HIGH,api/controllers/search.py,75,User input 'user_id' reflected in HTML template without output encoding in handle_data,CWE-79,bandit,DAST-00739,XSS,MEDIUM,/api/v1/admin,Reflected XSS: <script>alert(1)</script> echoed unescaped in response for 'id',CWE-79,owasp-zap,0,0.51,CVE-2024-28560
SAST-00986,SQL_INJECTION,CRITICAL,api/controllers/auth.py,478,"Raw SQL query built with string formatting in handle_data, vulnerable to injection attack",CWE-89,bandit,DAST-00986,COMMAND_INJECTION,CRITICAL,/api/v1/auth,RCE confirmed: shell command output in response body for parameter 'name',CWE-78,http-scanner,0,0.44,CVE-2022-89130
SAST-00425,PATH_TRAVERSAL,HIGH,api/controllers/payments.py,42,"File path from request not normalized in get_user, directory traversal possible",CWE-22,semgrep,DAST-00425,INFO_DISCLOSURE,MEDIUM,/api/v1/payments,Internal IP address and hostname exposed in response headers at /api/v1/payments,CWE-200,http-scanner,1,0.79,CVE-2024-87440
SAST-00039,SQL_INJECTION,HIGH,api/controllers/billing.py,366,"Raw SQL query built with string formatting in process_payment, vulnerable to injection attack",CWE-89,bandit,DAST-00039,SQL_INJECTION,CRITICAL,/api/v1/billing,SQL error in HTTP response after injection probe on 'filter': MySQL syntax error exposed,CWE-89,owasp-zap,1,0.91,CVE-2023-53620
SAST-00030,OPEN_REDIRECT,MEDIUM,api/controllers/products.py,263,Open redirect: flask/django redirect uses unvalidated 'user_id' parameter in get_user,CWE-601,bandit,DAST-00030,OPEN_REDIRECT,MEDIUM,/api/v1/products,HTTP 302 redirect to attacker-controlled domain via 'email' parameter,CWE-601,http-scanner,1,0.83,CVE-2022-83310
SAST-00242,OPEN_REDIRECT,MEDIUM,api/controllers/billing.py,171,User-controlled URL 'user_id' used in redirect without domain whitelist at line 451,CWE-601,bandit,DAST-00242,OPEN_REDIRECT,MEDIUM,/api/v1/billing,Open redirect confirmed: server redirects to evil.example.com without validation,CWE-601,owasp-zap,1,0.82,CVE-2022-99250
SAST-00680,SQL_INJECTION,HIGH,api/controllers/users.py,320,Potential SQL injection: user-controlled input passed to database query without sanitization at line 25 in update_profile,CWE-89,bandit,DAST-00680,SQL_INJECTION,CRITICAL,/api/v1/products,UNION-based injection confirmed at 'id': database rows returned in response,CWE-89,http-scanner,0,0.33,CVE-2021-64680
SAST-00889,COMMAND_INJECTION,HIGH,api/controllers/profile.py,46,os.system() receives unsanitized request parameter 'query' at line 336,CWE-78,bandit,DAST-00889,MISSING_SECURITY_HEADERS,LOW,/api/v1/profile,Content-Security-Policy header absent from HTTP response at /api/v1/profile,CWE-693,http-scanner,0,0.48,CVE-2023-90960
SAST-00136,XSS,HIGH,api/controllers/billing.py,273,"Unsafe document.write() with request data in billing, XSS vector",CWE-79,bandit,DAST-00136,XSS,MEDIUM,/api/v1/billing,Stored XSS confirmed: payload injected via 'token' persists and executes,CWE-79,owasp-zap,1,0.86,CVE-2022-74350
SAST-00310,PATH_TRAVERSAL,HIGH,api/controllers/profile.py,412,Path traversal: open() called with user-supplied filename 'page' at line 259,CWE-22,bandit,DAST-00310,INFO_DISCLOSURE,LOW,/api/v1/profile,Internal IP address and hostname exposed in response headers at /api/v1/profile,CWE-200,owasp-zap,1,0.83,CVE-2024-52300
SAST-01084,INFO_DISCLOSURE,MEDIUM,api/controllers/inventory.py,339,Internal file path exposed in error message at line 105 in handle_data,CWE-200,semgrep,DAST-01084,SQL_INJECTION,HIGH,/api/v1/payments,Boolean-based blind SQLi detected at parameter 'callback' in endpoint /api/v1/payments,CWE-89,http-scanner,0,0.39,CVE-2023-47490
SAST-00996,WEAK_CRYPTO,MEDIUM,api/controllers/billing.py,65,MD5 hash used for password storage in get_user — use bcrypt or Argon2,CWE-327,bandit,DAST-00996,MISSING_SECURITY_HEADERS,MEDIUM,/api/v1/search,"X-Frame-Options not set, clickjacking attack vector exists at /api/v1/search",CWE-693,http-scanner,0,0.25,CVE-2023-28270
SAST-00924,SENSITIVE_DATA_EXPOSURE,LOW,api/controllers/search.py,386,Credit card number present in debug log output at line 463,CWE-200,semgrep,DAST-00924,CORS_MISCONFIGURATION,HIGH,/api/v1/orders,Server reflects arbitrary Origin header without validation at /api/v1/orders,CWE-942,http-scanner,0,0.17,CVE-2023-24050
SAST-01148,HARDCODED_CREDENTIALS,HIGH,api/controllers/billing.py,423,Database credential hardcoded in billing at line 79,CWE-798,semgrep,DAST-01148,MISSING_SECURITY_HEADERS,MEDIUM,/api/v1/users,Content-Security-Policy header absent from HTTP response at /api/v1/users,CWE-693,http-scanner,0,0.32,CVE-2024-25020
SAST-01290,WEAK_CRYPTO,MEDIUM,api/controllers/profile.py,325,MD5 hash used for password storage in update_profile — use bcrypt or Argon2,CWE-327,bandit,DAST-01290,RATE_LIMITING,MEDIUM,/api/v1/admin,"Authentication endpoint /api/v1/admin lacks rate limiting, brute force possible",CWE-770,owasp-zap,0,0.32,CVE-2023-25200
SAST-01120,INSECURE_DESERIALIZATION,HIGH,api/controllers/products.py,138,Insecure deserialization: pickle.loads() called with user-supplied data at line 255,CWE-502,semgrep,DAST-01120,RATE_LIMITING,MEDIUM,/api/v1/profile,"Authentication endpoint /api/v1/profile lacks rate limiting, brute force possible",CWE-770,owasp-zap,0,0.32,CVE-2024-76970
SAST-00003,SQL_INJECTION,HIGH,api/controllers/orders.py,447,Unparameterized cursor.execute() call detected; parameter 'callback' not sanitized,CWE-89,semgrep,DAST-00003,SQL_INJECTION,CRITICAL,/api/v1/orders,Error-based SQLi: PostgreSQL exception message in response body for 'filter',CWE-89,owasp-zap,1,0.93,CVE-2021-56790
SAST-00111,INFO_DISCLOSURE,MEDIUM,api/controllers/admin.py,342,Exception stack trace returned to client in admin,CWE-200,bandit,DAST-00111,INFO_DISCLOSURE,MEDIUM,/api/v1/admin,Server version and framework details exposed in X-Powered-By header,CWE-200,owasp-zap,1,0.86,CVE-2022-90580
SAST-00701,SQL_INJECTION,CRITICAL,api/controllers/payments.py,437,Database query uses email directly from request object without parameterized statement,CWE-89,bandit,DAST-00701,SQL_INJECTION,HIGH,/api/v1/auth,UNION-based injection confirmed at 'filter': database rows returned in response,CWE-89,http-scanner,0,0.45,CVE-2023-59880
SAST-01121,HARDCODED_CREDENTIALS,HIGH,api/controllers/orders.py,293,"Hardcoded password literal at line 127 in orders, should use environment variable",CWE-798,semgrep,DAST-01121,MISSING_SECURITY_HEADERS,MEDIUM,/api/v1/search,Content-Security-Policy header absent from HTTP response at /api/v1/search,CWE-693,owasp-zap,0,0.24,CVE-2024-78720
SAST-01069,HARDCODED_CREDENTIALS,HIGH,api/controllers/profile.py,210,API key embedded as string constant in authenticate — rotate and move to secrets manager,CWE-798,bandit,DAST-01069,COMMAND_INJECTION,HIGH,/api/v1/products,"Server returns /etc/passwd content, command injection confirmed at /api/v1/products",CWE-78,owasp-zap,0,0.31,CVE-2021-70330
SAST-01013,SQL_INJECTION,CRITICAL,api/controllers/inventory.py,474,Potential SQL injection: user-controlled input passed to database query without sanitization at line 292 in handle_data,CWE-89,bandit,DAST-01013,OPEN_REDIRECT,MEDIUM,/api/v1/products,HTTP 302 redirect to attacker-controlled domain via 'query' parameter,CWE-601,http-scanner,0,0.19,CVE-2021-44110
SAST-00868,XSS,HIGH,api/controllers/auth.py,475,dangerouslySetInnerHTML used without sanitization at line 269 in auth,CWE-79,semgrep,DAST-00868,MISSING_SECURITY_HEADERS,LOW,/api/v1/inventory,"Strict-Transport-Security missing, HTTP downgrade possible at /api/v1/inventory",CWE-693,owasp-zap,0,0.12,CVE-2023-95180
SAST-00376,PATH_TRAVERSAL,HIGH,api/controllers/products.py,325,Path traversal: open() called with user-supplied filename 'filter' at line 192,CWE-22,bandit,DAST-00376,INFO_DISCLOSURE,MEDIUM,/api/v1/products,Stack trace with internal file paths returned in HTTP 500 response at /api/v1/products,CWE-200,http-scanner,1,0.7,CVE-2023-33410
SAST-01048,XSS,HIGH,api/controllers/inventory.py,462,User input 'callback' reflected in HTML template without output encoding in authenticate,CWE-79,bandit,DAST-01048,BROKEN_AUTH,HIGH,/api/v1/users,Endpoint /api/v1/users accessible without valid session token,CWE-287,http-scanner,0,0.3,CVE-2021-91110
SAST-00485,COMMAND_INJECTION,CRITICAL,api/controllers/orders.py,32,Command injection risk: subprocess call with user-controlled argument in update_profile,CWE-78,semgrep,DAST-00485,COMMAND_INJECTION,HIGH,/api/v1/inventory,RCE confirmed: shell command output in response body for parameter 'page',CWE-78,http-scanner,1,0.8,CVE-2021-56340
SAST-00314,SENSITIVE_DATA_EXPOSURE,MEDIUM,api/controllers/profile.py,221,PII returned in API response without field filtering in profile,CWE-200,bandit,DAST-00314,INFO_DISCLOSURE,MEDIUM,/api/v1/profile,Server version and framework details exposed in X-Powered-By header,CWE-200,owasp-zap,1,0.71,CVE-2021-77500
SAST-01052,COMMAND_INJECTION,CRITICAL,api/controllers/billing.py,198,os.system() receives unsanitized request parameter 'user_id' at line 322,CWE-78,bandit,DAST-01052,MISSING_SECURITY_HEADERS,LOW,/api/v1/auth,"X-Frame-Options not set, clickjacking attack vector exists at /api/v1/auth",CWE-693,http-scanner,0,0.13,CVE-2023-21520
SAST-00319,SENSITIVE_DATA_EXPOSURE,LOW,api/controllers/billing.py,290,Password or token logged to console in get_user at line 201,CWE-200,semgrep,DAST-00319,INFO_DISCLOSURE,LOW,/api/v1/billing,Internal IP address and hostname exposed in response headers at /api/v1/billing,CWE-200,http-scanner,1,0.72,CVE-2021-61910
SAST-01285,WEAK_CRYPTO,MEDIUM,api/controllers/products.py,268,DES encryption detected in products — use AES-256 instead,CWE-327,semgrep,DAST-01285,BROKEN_AUTH,HIGH,/api/v1/users,JWT accepted without signature verification at /api/v1/users,CWE-287,http-scanner,0,0.39,CVE-2021-81210
SAST-00820,COMMAND_INJECTION,CRITICAL,api/controllers/admin.py,326,exec() invoked with dynamic string from user data in get_user at line 470,CWE-78,bandit,DAST-00820,COMMAND_INJECTION,CRITICAL,/api/v1/billing,RCE confirmed: shell command output in response body for parameter 'callback',CWE-78,http-scanner,0,0.5,CVE-2024-84210
SAST-00005,INFO_DISCLOSURE,MEDIUM,api/controllers/admin.py,212,Internal file path exposed in error message at line 462 in handle_data,CWE-200,bandit,DAST-00005,INFO_DISCLOSURE,LOW,/api/v1/admin,Database schema information leaked in error response for malformed request,CWE-200,http-scanner,1,0.95,CVE-2024-20770
SAST-00100,INFO_DISCLOSURE,MEDIUM,api/controllers/admin.py,51,Internal file path exposed in error message at line 201 in get_user,CWE-200,semgrep,DAST-00100,INFO_DISCLOSURE,MEDIUM,/api/v1/admin,Stack trace with internal file paths returned in HTTP 500 response at /api/v1/admin,CWE-200,owasp-zap,1,0.87,CVE-2024-49620
SAST-00424,SQL_INJECTION,HIGH,api/controllers/users.py,366,Unparameterized cursor.execute() call detected; parameter 'user_id' not sanitized,CWE-89,bandit,DAST-00424,INFO_DISCLOSURE,MEDIUM,/api/v1/users,Stack trace with internal file paths returned in HTTP 500 response at /api/v1/users,CWE-200,owasp-zap,1,0.77,CVE-2024-15330
SAST-01172,HARDCODED_CREDENTIALS,HIGH,api/controllers/billing.py,405,"Hardcoded password literal at line 297 in billing, should use environment variable",CWE-798,semgrep,DAST-01172,INSECURE_TRANSPORT,HIGH,/api/v1/inventory,Endpoint /api/v1/inventory served over HTTP without HTTPS redirect,CWE-319,http-scanner,0,0.11,CVE-2024-40880
SAST-00596,COMMAND_INJECTION,CRITICAL,api/controllers/orders.py,423,exec() invoked with dynamic string from user data in get_user at line 129,CWE-78,bandit,DAST-00596,COMMAND_INJECTION,HIGH,/api/v1/inventory,"Server returns /etc/passwd content, command injection confirmed at /api/v1/inventory",CWE-78,owasp-zap,1,0.8,CVE-2021-86090
SAST-00964,INFO_DISCLOSURE,LOW,api/controllers/payments.py,425,Internal file path exposed in error message at line 488 in process_payment,CWE-200,semgrep,DAST-00964,XSS,HIGH,/api/v1/inventory,DOM-based XSS via 'id' parameter in endpoint /api/v1/inventory,CWE-79,http-scanner,0,0.34,CVE-2024-60830
SAST-00838,INFO_DISCLOSURE,LOW,api/controllers/users.py,394,Exception stack trace returned to client in users,CWE-200,semgrep,DAST-00838,INFO_DISCLOSURE,MEDIUM,/api/v1/orders,Internal IP address and hostname exposed in response headers at /api/v1/orders,CWE-200,http-scanner,0,0.3,CVE-2023-52690
SAST-00423,WEAK_CRYPTO,MEDIUM,api/controllers/search.py,419,"random.random() used for security token generation at line 354, use secrets module",CWE-327,bandit,DAST-00423,INSECURE_TRANSPORT,HIGH,/api/v1/search,"Sensitive data transmitted in cleartext to /api/v1/search, no TLS",CWE-319,http-scanner,1,0.86,CVE-2021-60420
SAST-00949,PATH_TRAVERSAL,HIGH,api/controllers/profile.py,168,Path traversal: open() called with user-supplied filename 'next' at line 292,CWE-22,bandit,DAST-00949,INFO_DISCLOSURE,LOW,/api/v1/billing,Internal IP address and hostname exposed in response headers at /api/v1/billing,CWE-200,owasp-zap,0,0.47,CVE-2024-31260
SAST-01141,WEAK_CRYPTO,MEDIUM,api/controllers/auth.py,253,MD5 hash used for password storage in search — use bcrypt or Argon2,CWE-327,semgrep,DAST-01141,BROKEN_AUTH,HIGH,/api/v1/users,Endpoint /api/v1/users accessible without valid session token,CWE-287,owasp-zap,0,0.19,CVE-2021-24370
SAST-01081,INFO_DISCLOSURE,MEDIUM,api/controllers/users.py,443,Exception stack trace returned to client in users,CWE-200,bandit,DAST-01081,INSECURE_TRANSPORT,HIGH,/api/v1/auth,"Sensitive data transmitted in cleartext to /api/v1/auth, no TLS",CWE-319,http-scanner,0,0.48,CVE-2021-33460
SAST-00589,XSS,MEDIUM,api/controllers/payments.py,41,Cross-site scripting risk: innerHTML assignment with user-controlled content in authenticate,CWE-79,bandit,DAST-00589,XSS,MEDIUM,/api/v1/billing,Reflected XSS: <script>alert(1)</script> echoed unescaped in response for 'callback',CWE-79,http-scanner,1,0.82,CVE-2024-50130
SAST-00227,SQL_INJECTION,HIGH,api/controllers/products.py,437,"Raw SQL query built with string formatting in process_payment, vulnerable to injection attack",CWE-89,bandit,DAST-00227,SQL_INJECTION,CRITICAL,/api/v1/products,SQL error in HTTP response after injection probe on 'email': MySQL syntax error exposed,CWE-89,http-scanner,1,0.97,CVE-2024-80580
SAST-00477,SQL_INJECTION,HIGH,api/controllers/auth.py,456,"Dynamic SQL constructed via f-string concatenation at line 175, inject risk in auth",CWE-89,bandit,DAST-00477,SQL_INJECTION,CRITICAL,/api/v1/users,Error-based SQLi: PostgreSQL exception message in response body for 'page',CWE-89,owasp-zap,1,0.71,CVE-2021-48500
SAST-00615,INFO_DISCLOSURE,LOW,api/controllers/billing.py,142,Exception stack trace returned to client in billing,CWE-200,bandit,DAST-00615,INFO_DISCLOSURE,LOW,/api/v1/profile,Server version and framework details exposed in X-Powered-By header,CWE-200,owasp-zap,0,0.59,CVE-2023-72580
SAST-00744,INFO_DISCLOSURE,MEDIUM,api/controllers/payments.py,147,Exception stack trace returned to client in payments,CWE-200,bandit,DAST-00744,INFO_DISCLOSURE,LOW,/api/v1/inventory,Database schema information leaked in error response for malformed request,CWE-200,http-scanner,0,0.39,CVE-2021-85630
SAST-00522,XSS,HIGH,api/controllers/auth.py,497,dangerouslySetInnerHTML used without sanitization at line 218 in auth,CWE-79,bandit,DAST-00522,XSS,MEDIUM,/api/v1/users,DOM-based XSS via 'id' parameter in endpoint /api/v1/users,CWE-79,http-scanner,1,0.75,CVE-2023-39740
SAST-00066,COMMAND_INJECTION,CRITICAL,api/controllers/payments.py,436,Command injection risk: subprocess call with user-controlled argument in process_payment,CWE-78,semgrep,DAST-00066,COMMAND_INJECTION,HIGH,/api/v1/payments,OS command output detected in HTTP response after injection probe on 'user_id',CWE-78,owasp-zap,1,0.97,CVE-2021-35830
SAST-01155,WEAK_CRYPTO,MEDIUM,api/controllers/orders.py,127,DES encryption detected in orders — use AES-256 instead,CWE-327,bandit,DAST-01155,MISSING_SECURITY_HEADERS,MEDIUM,/api/v1/products,"X-Frame-Options not set, clickjacking attack vector exists at /api/v1/products",CWE-693,http-scanner,0,0.24,CVE-2022-30620
SAST-00067,COMMAND_INJECTION,CRITICAL,api/controllers/profile.py,384,Command injection risk: subprocess call with user-controlled argument in authenticate,CWE-78,semgrep,DAST-00067,COMMAND_INJECTION,CRITICAL,/api/v1/profile,RCE confirmed: shell command output in response body for parameter 'user_id',CWE-78,http-scanner,1,0.91,CVE-2022-98600
SAST-01207,WEAK_CRYPTO,MEDIUM,api/controllers/users.py,100,MD5 hash used for password storage in get_user — use bcrypt or Argon2,CWE-327,semgrep,DAST-01207,BROKEN_AUTH,HIGH,/api/v1/inventory,Endpoint /api/v1/inventory accessible without valid session token,CWE-287,owasp-zap,0,0.14,CVE-2023-11810
SAST-00211,OPEN_REDIRECT,MEDIUM,api/controllers/inventory.py,477,User-controlled URL 'filter' used in redirect without domain whitelist at line 299,CWE-601,semgrep,DAST-00211,OPEN_REDIRECT,MEDIUM,/api/v1/inventory,Open redirect confirmed: server redirects to evil.example.com without validation,CWE-601,owasp-zap,1,0.82,CVE-2023-14110
SAST-00012,XSS,HIGH,api/controllers/inventory.py,134,dangerouslySetInnerHTML used without sanitization at line 411 in inventory,CWE-79,bandit,DAST-00012,XSS,MEDIUM,/api/v1/inventory,Reflected XSS: <script>alert(1)</script> echoed unescaped in response for 'filter',CWE-79,http-scanner,1,0.89,CVE-2021-45500
SAST-01251,PATH_TRAVERSAL,HIGH,api/controllers/billing.py,61,os.path.join with user input 'query' missing path.resolve() in billing,CWE-22,bandit,DAST-01251,CORS_MISCONFIGURATION,MEDIUM,/api/v1/billing,Server reflects arbitrary Origin header without validation at /api/v1/billing,CWE-942,owasp-zap,0,0.35,CVE-2021-38410
SAST-00752,XSS,HIGH,api/controllers/auth.py,234,User input 'page' reflected in HTML template without output encoding in get_user,CWE-79,semgrep,DAST-00752,XSS,MEDIUM,/api/v1/products,Reflected XSS: <script>alert(1)</script> echoed unescaped in response for 'user_id',CWE-79,owasp-zap,0,0.35,CVE-2024-73380
SAST-00299,INFO_DISCLOSURE,LOW,api/controllers/orders.py,194,Internal file path exposed in error message at line 132 in handle_data,CWE-200,bandit,DAST-00299,INFO_DISCLOSURE,MEDIUM,/api/v1/orders,Stack trace with internal file paths returned in HTTP 500 response at /api/v1/orders,CWE-200,http-scanner,1,0.89,CVE-2022-51270
SAST-00554,XSS,HIGH,api/controllers/auth.py,164,User input 'page' reflected in HTML template without output encoding in handle_data,CWE-79,bandit,DAST-00554,XSS,HIGH,/api/v1/users,Stored XSS confirmed: payload injected via 'page' persists and executes,CWE-79,http-scanner,1,0.8,CVE-2023-94640
SAST-00898,OPEN_REDIRECT,MEDIUM,api/controllers/profile.py,176,User-controlled URL 'user_id' used in redirect without domain whitelist at line 350,CWE-601,bandit,DAST-00898,XSS,MEDIUM,/api/v1/orders,Stored XSS confirmed: payload injected via 'name' persists and executes,CWE-79,http-scanner,0,0.46,CVE-2024-99270
SAST-01167,PATH_TRAVERSAL,HIGH,api/controllers/products.py,475,Path traversal: open() called with user-supplied filename 'name' at line 25,CWE-22,semgrep,DAST-01167,BROKEN_AUTH,HIGH,/api/v1/products,Endpoint /api/v1/products accessible without valid session token,CWE-287,owasp-zap,0,0.18,CVE-2021-70900
SAST-00778,OPEN_REDIRECT,MEDIUM,api/controllers/search.py,101,User-controlled URL 'next' used in redirect without domain whitelist at line 22,CWE-601,semgrep,DAST-00778,OPEN_REDIRECT,MEDIUM,/api/v1/auth,Open redirect confirmed: server redirects to evil.example.com without validation,CWE-601,http-scanner,0,0.41,CVE-2021-16990
SAST-01170,INSECURE_DESERIALIZATION,HIGH,api/controllers/products.py,179,yaml.load() without Loader argument in handle_data — arbitrary code execution risk,CWE-502,semgrep,DAST-01170,INSECURE_TRANSPORT,HIGH,/api/v1/products,"Sensitive data transmitted in cleartext to /api/v1/products, no TLS",CWE-319,owasp-zap,0,0.37,CVE-2023-87540
SAST-00693,XSS,MEDIUM,api/controllers/profile.py,426,User input 'email' reflected in HTML template without output encoding in update_profile,CWE-79,semgrep,DAST-00693,XSS,HIGH,/api/v1/auth,DOM-based XSS via 'email' parameter in endpoint /api/v1/auth,CWE-79,owasp-zap,0,0.59,CVE-2022-63380
SAST-01233,HARDCODED_CREDENTIALS,HIGH,api/controllers/products.py,340,"Hardcoded password literal at line 442 in products, should use environment variable",CWE-798,bandit,DAST-01233,CORS_MISCONFIGURATION,HIGH,/api/v1/auth,Server reflects arbitrary Origin header without validation at /api/v1/auth,CWE-942,http-scanner,0,0.32,CVE-2024-53570
SAST-00490,COMMAND_INJECTION,CRITICAL,api/controllers/payments.py,161,os.system() receives unsanitized request parameter 'email' at line 301,CWE-78,bandit,DAST-00490,COMMAND_INJECTION,HIGH,/api/v1/billing,OS command output detected in HTTP response after injection probe on 'callback',CWE-78,owasp-zap,1,0.76,CVE-2022-86050
SAST-00618,OPEN_REDIRECT,MEDIUM,api/controllers/inventory.py,273,User-controlled URL 'email' used in redirect without domain whitelist at line 360,CWE-601,bandit,DAST-00618,OPEN_REDIRECT,MEDIUM,/api/v1/users,Open redirect confirmed: server redirects to evil.example.com without validation,CWE-601,http-scanner,0,0.52,CVE-2023-56130
SAST-01156,INSECURE_DESERIALIZATION,CRITICAL,api/controllers/inventory.py,75,Insecure deserialization: pickle.loads() called with user-supplied data at line 73,CWE-502,bandit,DAST-01156,RATE_LIMITING,MEDIUM,/api/v1/inventory,"Authentication endpoint /api/v1/inventory lacks rate limiting, brute force possible",CWE-770,owasp-zap,0,0.29,CVE-2024-21300
SAST-01214,HARDCODED_CREDENTIALS,HIGH,api/controllers/inventory.py,195,API key embedded as string constant in process_payment — rotate and move to secrets manager,CWE-798,semgrep,DAST-01214,INSECURE_TRANSPORT,HIGH,/api/v1/search,"Sensitive data transmitted in cleartext to /api/v1/search, no TLS",CWE-319,owasp-zap,0,0.29,CVE-2022-43570
SAST-01159,PATH_TRAVERSAL,HIGH,api/controllers/payments.py,420,os.path.join with user input 'name' missing path.resolve() in payments,CWE-22,semgrep,DAST-01159,RATE_LIMITING,MEDIUM,/api/v1/orders,No rate limit: 15 rapid requests to /api/v1/orders completed without throttling,CWE-770,owasp-zap,0,0.19,CVE-2022-70430
SAST-00788,INFO_DISCLOSURE,MEDIUM,api/controllers/search.py,121,Internal file path exposed in error message at line 249 in process_payment,CWE-200,bandit,DAST-00788,INFO_DISCLOSURE,MEDIUM,/api/v1/auth,Server version and framework details exposed in X-Powered-By header,CWE-200,http-scanner,0,0.41,CVE-2023-77660
SAST-01124,HARDCODED_CREDENTIALS,HIGH,api/controllers/products.py,282,"Hardcoded password literal at line 450 in products, should use environment variable",CWE-798,semgrep,DAST-01124,INSECURE_TRANSPORT,HIGH,/api/v1/products,"Sensitive data transmitted in cleartext to /api/v1/products, no TLS",CWE-319,owasp-zap,0,0.25,CVE-2023-48730
SAST-00273,XSS,MEDIUM,api/controllers/inventory.py,330,Jinja2 template renders user input without autoescaping in get_user at line 43,CWE-79,semgrep,DAST-00273,XSS,MEDIUM,/api/v1/inventory,Reflected XSS: <script>alert(1)</script> echoed unescaped in response for 'callback',CWE-79,owasp-zap,1,0.95,CVE-2022-20760
SAST-00513,XSS,HIGH,api/controllers/orders.py,456,Jinja2 template renders user input without autoescaping in update_profile at line 145,CWE-79,semgrep,DAST-00513,XSS,HIGH,/api/v1/inventory,XSS probe reflected in HTTP 200 response without Content-Security-Policy,CWE-79,owasp-zap,1,0.77,CVE-2024-57690
SAST-00362,SQL_INJECTION,HIGH,api/controllers/admin.py,447,Potential SQL injection: user-controlled input passed to database query without sanitization at line 26 in handle_data,CWE-89,semgrep,DAST-00362,INFO_DISCLOSURE,LOW,/api/v1/admin,Database schema information leaked in error response for malformed request,CWE-200,owasp-zap,1,0.71,CVE-2023-16370
SAST-00237,SENSITIVE_DATA_EXPOSURE,MEDIUM,api/controllers/admin.py,345,PII returned in API response without field filtering in admin,CWE-200,bandit,DAST-00237,SENSITIVE_DATA_EXPOSURE,LOW,/api/v1/admin,Password hash returned in API response at /api/v1/admin without authorization,CWE-200,http-scanner,1,0.93,CVE-2022-11700
SAST-01191,PATH_TRAVERSAL,HIGH,api/controllers/admin.py,428,Path traversal: open() called with user-supplied filename 'query' at line 480,CWE-22,bandit,DAST-01191,INSECURE_TRANSPORT,HIGH,/api/v1/payments,Endpoint /api/v1/payments served over HTTP without HTTPS redirect,CWE-319,http-scanner,0,0.36,CVE-2021-49000
SAST-00930,INSECURE_DESERIALIZATION,CRITICAL,api/controllers/admin.py,397,yaml.load() without Loader argument in handle_data — arbitrary code execution risk,CWE-502,bandit,DAST-00930,OPEN_REDIRECT,MEDIUM,/api/v1/inventory,Open redirect confirmed: server redirects to evil.example.com without validation,CWE-601,owasp-zap,0,0.1,CVE-2021-33590
SAST-00002,SQL_INJECTION,CRITICAL,api/controllers/admin.py,423,Unparameterized cursor.execute() call detected; parameter 'next' not sanitized,CWE-89,bandit,DAST-00002,SQL_INJECTION,HIGH,/api/v1/admin,Error-based SQLi: PostgreSQL exception message in response body for 'name',CWE-89,http-scanner,1,0.92,CVE-2021-55580
SAST-00006,INFO_DISCLOSURE,LOW,api/controllers/products.py,80,Exception stack trace returned to client in products,CWE-200,bandit,DAST-00006,INFO_DISCLOSURE,LOW,/api/v1/products,Stack trace with internal file paths returned in HTTP 500 response at /api/v1/products,CWE-200,owasp-zap,1,0.89,CVE-2024-46740
SAST-00370,COMMAND_INJECTION,HIGH,api/controllers/billing.py,314,exec() invoked with dynamic string from user data in process_payment at line 69,CWE-78,bandit,DAST-00370,SECURITY_MISCONFIG,MEDIUM,/api/v1/billing,Server error reveals internal configuration details at /api/v1/billing,CWE-693,http-scanner,1,0.77,CVE-2023-28330
SAST-00311,SQL_INJECTION,CRITICAL,api/controllers/profile.py,194,Unparameterized cursor.execute() call detected; parameter 'email' not sanitized,CWE-89,semgrep,DAST-00311,INFO_DISCLOSURE,LOW,/api/v1/profile,Database schema information leaked in error response for malformed request,CWE-200,owasp-zap,1,0.79,CVE-2024-92870
SAST-01116,HARDCODED_CREDENTIALS,HIGH,api/controllers/orders.py,82,API key embedded as string constant in get_user — rotate and move to secrets manager,CWE-798,semgrep,DAST-01116,MISSING_SECURITY_HEADERS,MEDIUM,/api/v1/inventory,"X-Frame-Options not set, clickjacking attack vector exists at /api/v1/inventory",CWE-693,owasp-zap,0,0.35,CVE-2022-89970
SAST-00806,SENSITIVE_DATA_EXPOSURE,MEDIUM,api/controllers/billing.py,335,Credit card number present in debug log output at line 314,CWE-200,semgrep,DAST-00806,SENSITIVE_DATA_EXPOSURE,LOW,/api/v1/inventory,PII data accessible via /api/v1/inventory without proper access control,CWE-200,http-scanner,0,0.56,CVE-2022-19460
SAST-00581,SQL_INJECTION,CRITICAL,api/controllers/payments.py,110,"Raw SQL query built with string formatting in get_user, vulnerable to injection attack",CWE-89,bandit,DAST-00581,SQL_INJECTION,CRITICAL,/api/v1/billing,Boolean-based blind SQLi detected at parameter 'callback' in endpoint /api/v1/billing,CWE-89,http-scanner,1,0.75,CVE-2023-31720
SAST-00710,INFO_DISCLOSURE,MEDIUM,api/controllers/admin.py,248,Exception stack trace returned to client in admin,CWE-200,bandit,DAST-00710,INFO_DISCLOSURE,MEDIUM,/api/v1/inventory,Stack trace with internal file paths returned in HTTP 500 response at /api/v1/inventory,CWE-200,http-scanner,0,0.55,CVE-2024-75670
SAST-01009,PATH_TRAVERSAL,HIGH,api/controllers/payments.py,11,"File path from request not normalized in process_payment, directory traversal possible",CWE-22,semgrep,DAST-01009,MISSING_SECURITY_HEADERS,LOW,/api/v1/admin,"X-Frame-Options not set, clickjacking attack vector exists at /api/v1/admin",CWE-693,owasp-zap,0,0.43,CVE-2024-81120
SAST-00215,XSS,HIGH,api/controllers/admin.py,40,dangerouslySetInnerHTML used without sanitization at line 21 in admin,CWE-79,bandit,DAST-00215,XSS,HIGH,/api/v1/admin,Reflected XSS: <script>alert(1)</script> echoed unescaped in response for 'callback',CWE-79,owasp-zap,1,0.88,CVE-2023-41420
SAST-00535,COMMAND_INJECTION,HIGH,api/controllers/payments.py,210,"Popen with shell=True and user input 'query', command injection vector in payments",CWE-78,bandit,DAST-00535,COMMAND_INJECTION,HIGH,/api/v1/billing,RCE confirmed: shell command output in response body for parameter 'query',CWE-78,owasp-zap,1,0.73,CVE-2023-45760
SAST-00712,COMMAND_INJECTION,CRITICAL,api/controllers/billing.py,363,"Popen with shell=True and user input 'query', command injection vector in billing",CWE-78,bandit,DAST-00712,COMMAND_INJECTION,HIGH,/api/v1/users,RCE confirmed: shell command output in response body for parameter 'email',CWE-78,http-scanner,0,0.33,CVE-2022-21430
SAST-00027,SENSITIVE_DATA_EXPOSURE,MEDIUM,api/controllers/search.py,351,Credit card number present in debug log output at line 219,CWE-200,semgrep,DAST-00027,SENSITIVE_DATA_EXPOSURE,LOW,/api/v1/search,API key visible in HTTP response body at /api/v1/search,CWE-200,owasp-zap,1,0.92,CVE-2023-27230
SAST-00873,OPEN_REDIRECT,MEDIUM,api/controllers/billing.py,326,Open redirect: flask/django redirect uses unvalidated 'name' parameter in search,CWE-601,semgrep,DAST-00873,INSECURE_TRANSPORT,HIGH,/api/v1/auth,Endpoint /api/v1/auth served over HTTP without HTTPS redirect,CWE-319,owasp-zap,0,0.46,CVE-2024-52360
SAST-01253,INSECURE_DESERIALIZATION,CRITICAL,api/controllers/products.py,485,yaml.load() without Loader argument in get_user — arbitrary code execution risk,CWE-502,bandit,DAST-01253,INSECURE_TRANSPORT,HIGH,/api/v1/billing,Endpoint /api/v1/billing served over HTTP without HTTPS redirect,CWE-319,owasp-zap,0,0.1,CVE-2021-85230
SAST-00514,COMMAND_INJECTION,HIGH,api/controllers/payments.py,365,os.system() receives unsanitized request parameter 'next' at line 118,CWE-78,bandit,DAST-00514,COMMAND_INJECTION,HIGH,/api/v1/billing,RCE confirmed: shell command output in response body for parameter 'filter',CWE-78,owasp-zap,1,0.78,CVE-2023-97790
SAST-00523,SQL_INJECTION,CRITICAL,api/controllers/payments.py,202,Unparameterized cursor.execute() call detected; parameter 'id' not sanitized,CWE-89,bandit,DAST-00523,SQL_INJECTION,HIGH,/api/v1/billing,UNION-based injection confirmed at 'email': database rows returned in response,CWE-89,http-scanner,1,0.82,CVE-2022-96480
SAST-00914,SENSITIVE_DATA_EXPOSURE,MEDIUM,api/controllers/auth.py,16,Credit card number present in debug log output at line 391,CWE-200,semgrep,DAST-00914,XSS,MEDIUM,/api/v1/billing,DOM-based XSS via 'filter' parameter in endpoint /api/v1/billing,CWE-79,http-scanner,0,0.23,CVE-2024-54860
SAST-00947,PATH_TRAVERSAL,HIGH,api/controllers/products.py,335,os.path.join with user input 'id' missing path.resolve() in products,CWE-22,semgrep,DAST-00947,INSECURE_TRANSPORT,HIGH,/api/v1/payments,"Sensitive data transmitted in cleartext to /api/v1/payments, no TLS",CWE-319,http-scanner,0,0.44,CVE-2023-81490
SAST-00570,XSS,MEDIUM,api/controllers/auth.py,500,Cross-site scripting risk: innerHTML assignment with user-controlled content in authenticate,CWE-79,bandit,DAST-00570,XSS,HIGH,/api/v1/users,Reflected XSS: <script>alert(1)</script> echoed unescaped in response for 'filter',CWE-79,http-scanner,1,0.77,CVE-2022-44220
SAST-00857,INFO_DISCLOSURE,LOW,api/controllers/orders.py,495,Exception stack trace returned to client in orders,CWE-200,semgrep,DAST-00857,XSS,HIGH,/api/v1/profile,XSS probe reflected in HTTP 200 response without Content-Security-Policy,CWE-79,owasp-zap,0,0.11,CVE-2023-34210
SAST-01271,HARDCODED_CREDENTIALS,HIGH,api/controllers/payments.py,402,API key embedded as string constant in handle_data — rotate and move to secrets manager,CWE-798,bandit,DAST-01271,CORS_MISCONFIGURATION,MEDIUM,/api/v1/billing,Server reflects arbitrary Origin header without validation at /api/v1/billing,CWE-942,http-scanner,0,0.14,CVE-2022-39050
SAST-00354,COMMAND_INJECTION,HIGH,api/controllers/payments.py,483,exec() invoked with dynamic string from user data in search at line 148,CWE-78,bandit,DAST-00354,SECURITY_MISCONFIG,MEDIUM,/api/v1/payments,HTTP 500 with verbose error message and stack trace at /api/v1/payments,CWE-693,http-scanner,1,0.81,CVE-2024-39850
SAST-01138,HARDCODED_CREDENTIALS,HIGH,api/controllers/profile.py,87,Database credential hardcoded in profile at line 43,CWE-798,bandit,DAST-01138,RATE_LIMITING,MEDIUM,/api/v1/inventory,"Authentication endpoint /api/v1/inventory lacks rate limiting, brute force possible",CWE-770,http-scanner,0,0.25,CVE-2022-79350
SAST-01142,WEAK_CRYPTO,MEDIUM,api/controllers/search.py,84,"random.random() used for security token generation at line 144, use secrets module",CWE-327,bandit,DAST-01142,RATE_LIMITING,MEDIUM,/api/v1/products,"Authentication endpoint /api/v1/products lacks rate limiting, brute force possible",CWE-770,http-scanner,0,0.06,CVE-2024-12880
SAST-00256,SQL_INJECTION,CRITICAL,api/controllers/users.py,446,Database query uses query directly from request object without parameterized statement,CWE-89,semgrep,DAST-00256,SQL_INJECTION,HIGH,/api/v1/users,Boolean-based blind SQLi detected at parameter 'id' in endpoint /api/v1/users,CWE-89,owasp-zap,1,0.91,CVE-2023-78140
SAST-00291,XSS,MEDIUM,api/controllers/auth.py,277,Cross-site scripting risk: innerHTML assignment with user-controlled content in update_profile,CWE-79,bandit,DAST-00291,XSS,MEDIUM,/api/v1/auth,Reflected XSS: <script>alert(1)</script> echoed unescaped in response for 'name',CWE-79,owasp-zap,1,0.97,CVE-2024-88270
SAST-00025,OPEN_REDIRECT,MEDIUM,api/controllers/inventory.py,69,User-controlled URL 'user_id' used in redirect without domain whitelist at line 459,CWE-601,semgrep,DAST-00025,OPEN_REDIRECT,MEDIUM,/api/v1/inventory,HTTP 302 redirect to attacker-controlled domain via 'filter' parameter,CWE-601,http-scanner,1,0.89,CVE-2024-75160
SAST-00336,SENSITIVE_DATA_EXPOSURE,LOW,api/controllers/billing.py,202,Password or token logged to console in update_profile at line 402,CWE-200,semgrep,DAST-00336,INFO_DISCLOSURE,MEDIUM,/api/v1/billing,Internal IP address and hostname exposed in response headers at /api/v1/billing,CWE-200,http-scanner,1,0.79,CVE-2024-79220
SAST-00529,SQL_INJECTION,HIGH,api/controllers/orders.py,321,"Raw SQL query built with string formatting in authenticate, vulnerable to injection attack",CWE-89,bandit,DAST-00529,SQL_INJECTION,CRITICAL,/api/v1/inventory,Error-based SQLi: PostgreSQL exception message in response body for 'email',CWE-89,owasp-zap,1,0.8,CVE-2021-60800
SAST-00047,OPEN_REDIRECT,MEDIUM,api/controllers/auth.py,86,Open redirect: flask/django redirect uses unvalidated 'page' parameter in update_profile,CWE-601,bandit,DAST-00047,OPEN_REDIRECT,MEDIUM,/api/v1/auth,HTTP 302 redirect to attacker-controlled domain via 'name' parameter,CWE-601,owasp-zap,1,0.95,CVE-2023-79280
SAST-00318,PATH_TRAVERSAL,HIGH,api/controllers/search.py,15,Path traversal: open() called with user-supplied filename 'user_id' at line 10,CWE-22,semgrep,DAST-00318,INFO_DISCLOSURE,MEDIUM,/api/v1/search,Database schema information leaked in error response for malformed request,CWE-200,http-scanner,1,0.74,CVE-2024-22090
SAST-00106,INFO_DISCLOSURE,MEDIUM,api/controllers/products.py,28,Exception stack trace returned to client in products,CWE-200,semgrep,DAST-00106,INFO_DISCLOSURE,LOW,/api/v1/products,Database schema information leaked in error response for malformed request,CWE-200,http-scanner,1,0.84,CVE-2023-71180
SAST-00939,INSECURE_DESERIALIZATION,HIGH,api/controllers/billing.py,404,Insecure deserialization: pickle.loads() called with user-supplied data at line 458,CWE-502,semgrep,DAST-00939,MISSING_SECURITY_HEADERS,LOW,/api/v1/orders,"X-Frame-Options not set, clickjacking attack vector exists at /api/v1/orders",CWE-693,owasp-zap,0,0.37,CVE-2021-11270
SAST-00055,SENSITIVE_DATA_EXPOSURE,LOW,api/controllers/profile.py,146,Password or token logged to console in get_user at line 291,CWE-200,semgrep,DAST-00055,SENSITIVE_DATA_EXPOSURE,MEDIUM,/api/v1/profile,API key visible in HTTP response body at /api/v1/profile,CWE-200,owasp-zap,1,0.94,CVE-2023-33650
SAST-00613,COMMAND_INJECTION,HIGH,api/controllers/admin.py,150,os.system() receives unsanitized request parameter 'callback' at line 15,CWE-78,bandit,DAST-00613,COMMAND_INJECTION,HIGH,/api/v1/search,"Server returns /etc/passwd content, command injection confirmed at /api/v1/search",CWE-78,http-scanner,0,0.48,CVE-2024-60870
SAST-00213,COMMAND_INJECTION,HIGH,api/controllers/users.py,313,os.system() receives unsanitized request parameter 'filter' at line 172,CWE-78,bandit,DAST-00213,COMMAND_INJECTION,CRITICAL,/api/v1/users,RCE confirmed: shell command output in response body for parameter 'name',CWE-78,owasp-zap,1,0.92,CVE-2022-43360
SAST-00120,INFO_DISCLOSURE,LOW,api/controllers/auth.py,248,Exception stack trace returned to client in auth,CWE-200,bandit,DAST-00120,INFO_DISCLOSURE,LOW,/api/v1/auth,Server version and framework details exposed in X-Powered-By header,CWE-200,http-scanner,1,0.86,CVE-2022-24660
SAST-00855,OPEN_REDIRECT,MEDIUM,api/controllers/inventory.py,213,Open redirect: flask/django redirect uses unvalidated 'token' parameter in update_profile,CWE-601,bandit,DAST-00855,XSS,MEDIUM,/api/v1/orders,Reflected XSS: <script>alert(1)</script> echoed unescaped in response for 'filter',CWE-79,owasp-zap,0,0.32,CVE-2024-87700
SAST-00558,COMMAND_INJECTION,HIGH,api/controllers/auth.py,497,os.system() receives unsanitized request parameter 'name' at line 179,CWE-78,semgrep,DAST-00558,COMMAND_INJECTION,HIGH,/api/v1/users,"Server returns /etc/passwd content, command injection confirmed at /api/v1/users",CWE-78,http-scanner,1,0.72,CVE-2021-81190
SAST-00072,SQL_INJECTION,CRITICAL,api/controllers/admin.py,237,"Raw SQL query built with string formatting in get_user, vulnerable to injection attack",CWE-89,bandit,DAST-00072,SQL_INJECTION,CRITICAL,/api/v1/admin,Boolean-based blind SQLi detected at parameter 'page' in endpoint /api/v1/admin,CWE-89,owasp-zap,1,0.98,CVE-2024-38000
SAST-00807,OPEN_REDIRECT,MEDIUM,api/controllers/profile.py,140,Open redirect: flask/django redirect uses unvalidated 'name' parameter in authenticate,CWE-601,bandit,DAST-00807,OPEN_REDIRECT,MEDIUM,/api/v1/orders,Open redirect confirmed: server redirects to evil.example.com without validation,CWE-601,http-scanner,0,0.38,CVE-2023-36650
SAST-00045,INFO_DISCLOSURE,LOW,api/controllers/search.py,161,Internal file path exposed in error message at line 126 in process_payment,CWE-200,semgrep,DAST-00045,INFO_DISCLOSURE,LOW,/api/v1/search,Stack trace with internal file paths returned in HTTP 500 response at /api/v1/search,CWE-200,http-scanner,1,0.94,CVE-2021-92750
SAST-00993,XSS,MEDIUM,api/controllers/payments.py,30,Jinja2 template renders user input without autoescaping in authenticate at line 324,CWE-79,bandit,DAST-00993,CORS_MISCONFIGURATION,MEDIUM,/api/v1/products,Server reflects arbitrary Origin header without validation at /api/v1/products,CWE-942,owasp-zap,0,0.43,CVE-2023-16410
SAST-00707,COMMAND_INJECTION,HIGH,api/controllers/search.py,375,os.system() receives unsanitized request parameter 'token' at line 148,CWE-78,semgrep,DAST-00707,COMMAND_INJECTION,HIGH,/api/v1/billing,RCE confirmed: shell command output in response body for parameter 'id',CWE-78,http-scanner,0,0.6,CVE-2022-83000
SAST-00651,OPEN_REDIRECT,MEDIUM,api/controllers/billing.py,197,Open redirect: flask/django redirect uses unvalidated 'token' parameter in authenticate,CWE-601,bandit,DAST-00651,OPEN_REDIRECT,MEDIUM,/api/v1/orders,HTTP 302 redirect to attacker-controlled domain via 'next' parameter,CWE-601,owasp-zap,0,0.53,CVE-2023-26280
SAST-00922,SENSITIVE_DATA_EXPOSURE,MEDIUM,api/controllers/auth.py,246,Credit card number present in debug log output at line 318,CWE-200,bandit,DAST-00922,SQL_INJECTION,HIGH,/api/v1/profile,Error-based SQLi: PostgreSQL exception message in response body for 'user_id',CWE-89,http-scanner,0,0.44,CVE-2021-48680
SAST-00465,XSS,MEDIUM,api/controllers/orders.py,471,User input 'filter' reflected in HTML template without output encoding in search,CWE-79,bandit,DAST-00465,XSS,MEDIUM,/api/v1/inventory,XSS probe reflected in HTTP 200 response without Content-Security-Policy,CWE-79,owasp-zap,1,0.77,CVE-2024-84230
SAST-00946,SQL_INJECTION,HIGH,api/controllers/orders.py,44,"Raw SQL query built with string formatting in search, vulnerable to injection attack",CWE-89,semgrep,DAST-00946,CORS_MISCONFIGURATION,HIGH,/api/v1/admin,CORS misconfiguration allows cross-origin reads from attacker domain,CWE-942,http-scanner,0,0.22,CVE-2023-75700
SAST-01111,WEAK_CRYPTO,MEDIUM,api/controllers/profile.py,84,MD5 hash used for password storage in authenticate — use bcrypt or Argon2,CWE-327,bandit,DAST-01111,INSECURE_TRANSPORT,HIGH,/api/v1/auth,Endpoint /api/v1/auth served over HTTP without HTTPS redirect,CWE-319,http-scanner,0,0.21,CVE-2022-11510
SAST-00590,XSS,HIGH,api/controllers/orders.py,199,"Unsafe document.write() with request data in orders, XSS vector",CWE-79,bandit,DAST-00590,XSS,HIGH,/api/v1/inventory,DOM-based XSS via 'id' parameter in endpoint /api/v1/inventory,CWE-79,http-scanner,1,0.81,CVE-2021-75650
SAST-00060,XSS,HIGH,api/controllers/inventory.py,455,Jinja2 template renders user input without autoescaping in search at line 61,CWE-79,semgrep,DAST-00060,XSS,MEDIUM,/api/v1/inventory,Reflected XSS: <script>alert(1)</script> echoed unescaped in response for 'user_id',CWE-79,owasp-zap,1,0.9,CVE-2022-93680
SAST-00092,XSS,MEDIUM,api/controllers/payments.py,425,"Unsafe document.write() with request data in payments, XSS vector",CWE-79,bandit,DAST-00092,XSS,MEDIUM,/api/v1/payments,Reflected XSS: <script>alert(1)</script> echoed unescaped in response for 'next',CWE-79,owasp-zap,1,0.88,CVE-2023-15390
SAST-00532,SQL_INJECTION,HIGH,api/controllers/payments.py,13,"Dynamic SQL constructed via f-string concatenation at line 110, inject risk in payments",CWE-89,bandit,DAST-00532,SQL_INJECTION,CRITICAL,/api/v1/billing,Boolean-based blind SQLi detected at parameter 'token' in endpoint /api/v1/billing,CWE-89,owasp-zap,1,0.71,CVE-2021-94040
SAST-00194,SQL_INJECTION,HIGH,api/controllers/inventory.py,152,Database query uses query directly from request object without parameterized statement,CWE-89,bandit,DAST-00194,SQL_INJECTION,CRITICAL,/api/v1/inventory,UNION-based injection confirmed at 'query': database rows returned in response,CWE-89,http-scanner,1,0.94,CVE-2022-76390
SAST-00280,INFO_DISCLOSURE,MEDIUM,api/controllers/search.py,423,Internal file path exposed in error message at line 171 in search,CWE-200,bandit,DAST-00280,INFO_DISCLOSURE,LOW,/api/v1/search,Database schema information leaked in error response for malformed request,CWE-200,http-scanner,1,0.96,CVE-2021-98010
SAST-00359,WEAK_CRYPTO,MEDIUM,api/controllers/billing.py,291,MD5 hash used for password storage in authenticate — use bcrypt or Argon2,CWE-327,semgrep,DAST-00359,INSECURE_TRANSPORT,HIGH,/api/v1/billing,Endpoint /api/v1/billing served over HTTP without HTTPS redirect,CWE-319,owasp-zap,1,0.76,CVE-2023-32840
SAST-00519,COMMAND_INJECTION,HIGH,api/controllers/orders.py,108,Command injection risk: subprocess call with user-controlled argument in update_profile,CWE-78,bandit,DAST-00519,COMMAND_INJECTION,HIGH,/api/v1/inventory,RCE confirmed: shell command output in response body for parameter 'email',CWE-78,owasp-zap,1,0.72,CVE-2024-88550
SAST-00617,COMMAND_INJECTION,HIGH,api/controllers/products.py,49,Command injection risk: subprocess call with user-controlled argument in get_user,CWE-78,bandit,DAST-00617,COMMAND_INJECTION,HIGH,/api/v1/admin,RCE confirmed: shell command output in response body for parameter 'page',CWE-78,http-scanner,0,0.55,CVE-2021-17000
SAST-00584,XSS,MEDIUM,api/controllers/auth.py,16,Jinja2 template renders user input without autoescaping in authenticate at line 69,CWE-79,semgrep,DAST-00584,XSS,MEDIUM,/api/v1/users,Reflected XSS: <script>alert(1)</script> echoed unescaped in response for 'user_id',CWE-79,http-scanner,1,0.73,CVE-2023-28060
SAST-00182,XSS,HIGH,api/controllers/admin.py,303,User input 'query' reflected in HTML template without output encoding in update_profile,CWE-79,bandit,DAST-00182,XSS,MEDIUM,/api/v1/admin,XSS probe reflected in HTTP 200 response without Content-Security-Policy,CWE-79,owasp-zap,1,0.86,CVE-2023-41080
SAST-00110,SENSITIVE_DATA_EXPOSURE,MEDIUM,api/controllers/admin.py,496,PII returned in API response without field filtering in admin,CWE-200,bandit,DAST-00110,SENSITIVE_DATA_EXPOSURE,MEDIUM,/api/v1/admin,API key visible in HTTP response body at /api/v1/admin,CWE-200,http-scanner,1,0.95,CVE-2022-10230
SAST-00828,SQL_INJECTION,CRITICAL,api/controllers/products.py,185,Potential SQL injection: user-controlled input passed to database query without sanitization at line 336 in handle_data,CWE-89,bandit,DAST-00828,SQL_INJECTION,HIGH,/api/v1/search,UNION-based injection confirmed at 'token': database rows returned in response,CWE-89,http-scanner,0,0.45,CVE-2023-39720
SAST-00743,INFO_DISCLOSURE,LOW,api/controllers/admin.py,346,Exception stack trace returned to client in admin,CWE-200,bandit,DAST-00743,INFO_DISCLOSURE,LOW,/api/v1/orders,Stack trace with internal file paths returned in HTTP 500 response at /api/v1/orders,CWE-200,http-scanner,0,0.46,CVE-2021-89450
SAST-00204,SENSITIVE_DATA_EXPOSURE,MEDIUM,api/controllers/admin.py,149,PII returned in API response without field filtering in admin,CWE-200,bandit,DAST-00204,SENSITIVE_DATA_EXPOSURE,LOW,/api/v1/admin,API key visible in HTTP response body at /api/v1/admin,CWE-200,http-scanner,1,0.9,CVE-2023-96410
SAST-01097,PATH_TRAVERSAL,HIGH,api/controllers/products.py,359,os.path.join with user input 'page' missing path.resolve() in products,CWE-22,semgrep,DAST-01097,SENSITIVE_DATA_EXPOSURE,MEDIUM,/api/v1/inventory,API key visible in HTTP response body at /api/v1/inventory,CWE-200,http-scanner,0,0.14,CVE-2022-65540
SAST-00948,INFO_DISCLOSURE,MEDIUM,api/controllers/products.py,23,Exception stack trace returned to client in products,CWE-200,bandit,DAST-00948,CORS_MISCONFIGURATION,MEDIUM,/api/v1/profile,Server reflects arbitrary Origin header without validation at /api/v1/profile,CWE-942,http-scanner,0,0.24,CVE-2023-51100
SAST-00755,COMMAND_INJECTION,CRITICAL,api/controllers/profile.py,466,Command injection risk: subprocess call with user-controlled argument in authenticate,CWE-78,bandit,DAST-00755,COMMAND_INJECTION,CRITICAL,/api/v1/billing,RCE confirmed: shell command output in response body for parameter 'id',CWE-78,owasp-zap,0,0.36,CVE-2023-76550
SAST-00798,SQL_INJECTION,CRITICAL,api/controllers/users.py,361,"Raw SQL query built with string formatting in authenticate, vulnerable to injection attack",CWE-89,semgrep,DAST-00798,SQL_INJECTION,HIGH,/api/v1/profile,Error-based SQLi: PostgreSQL exception message in response body for 'page',CWE-89,owasp-zap,0,0.49,CVE-2024-35080
SAST-01157,INSECURE_DESERIALIZATION,CRITICAL,api/controllers/admin.py,183,yaml.load() without Loader argument in get_user — arbitrary code execution risk,CWE-502,bandit,DAST-01157,RATE_LIMITING,MEDIUM,/api/v1/auth,No rate limit: 15 rapid requests to /api/v1/auth completed without throttling,CWE-770,http-scanner,0,0.32,CVE-2024-61940
SAST-00572,SQL_INJECTION,CRITICAL,api/controllers/auth.py,32,Unparameterized cursor.execute() call detected; parameter 'callback' not sanitized,CWE-89,semgrep,DAST-00572,SQL_INJECTION,HIGH,/api/v1/users,Error-based SQLi: PostgreSQL exception message in response body for 'name',CWE-89,owasp-zap,1,0.73,CVE-2021-72090
SAST-00183,XSS,MEDIUM,api/controllers/products.py,305,"Unsafe document.write() with request data in products, XSS vector",CWE-79,semgrep,DAST-00183,XSS,MEDIUM,/api/v1/products,XSS probe reflected in HTTP 200 response without Content-Security-Policy,CWE-79,http-scanner,1,0.94,CVE-2023-71870
SAST-00137,OPEN_REDIRECT,MEDIUM,api/controllers/search.py,308,User-controlled URL 'id' used in redirect without domain whitelist at line 380,CWE-601,semgrep,DAST-00137,OPEN_REDIRECT,MEDIUM,/api/v1/search,Open redirect confirmed: server redirects to evil.example.com without validation,CWE-601,http-scanner,1,0.87,CVE-2023-95690
SAST-00737,INFO_DISCLOSURE,MEDIUM,api/controllers/search.py,410,Exception stack trace returned to client in search,CWE-200,bandit,DAST-00737,INFO_DISCLOSURE,MEDIUM,/api/v1/products,Database schema information leaked in error response for malformed request,CWE-200,http-scanner,0,0.44,CVE-2024-28290
SAST-00080,SENSITIVE_DATA_EXPOSURE,MEDIUM,api/controllers/auth.py,457,PII returned in API response without field filtering in auth,CWE-200,semgrep,DAST-00080,SENSITIVE_DATA_EXPOSURE,MEDIUM,/api/v1/auth,API key visible in HTTP response body at /api/v1/auth,CWE-200,owasp-zap,1,0.85,CVE-2024-56000
SAST-01195,HARDCODED_CREDENTIALS,HIGH,api/controllers/inventory.py,499,API key embedded as string constant in handle_data — rotate and move to secrets manager,CWE-798,bandit,DAST-01195,MISSING_SECURITY_HEADERS,MEDIUM,/api/v1/inventory,"X-Frame-Options not set, clickjacking attack vector exists at /api/v1/inventory",CWE-693,http-scanner,0,0.1,CVE-2023-66810
SAST-00541,SQL_INJECTION,CRITICAL,api/controllers/auth.py,309,"Raw SQL query built with string formatting in update_profile, vulnerable to injection attack",CWE-89,semgrep,DAST-00541,SQL_INJECTION,HIGH,/api/v1/users,UNION-based injection confirmed at 'name': database rows returned in response,CWE-89,http-scanner,1,0.74,CVE-2021-15290
SAST-01055,XSS,MEDIUM,api/controllers/payments.py,262,User input 'callback' reflected in HTML template without output encoding in search,CWE-79,semgrep,DAST-01055,SENSITIVE_DATA_EXPOSURE,LOW,/api/v1/payments,API key visible in HTTP response body at /api/v1/payments,CWE-200,http-scanner,0,0.41,CVE-2021-21770
SAST-00480,XSS,HIGH,api/controllers/auth.py,456,dangerouslySetInnerHTML used without sanitization at line 437 in auth,CWE-79,semgrep,DAST-00480,XSS,HIGH,/api/v1/users,DOM-based XSS via 'email' parameter in endpoint /api/v1/users,CWE-79,http-scanner,1,0.76,CVE-2022-28120
SAST-00165,SQL_INJECTION,CRITICAL,api/controllers/users.py,225,"Dynamic SQL constructed via f-string concatenation at line 163, inject risk in users",CWE-89,semgrep,DAST-00165,SQL_INJECTION,HIGH,/api/v1/users,Boolean-based blind SQLi detected at parameter 'next' in endpoint /api/v1/users,CWE-89,owasp-zap,1,0.9,CVE-2021-98790
SAST-00248,XSS,HIGH,api/controllers/payments.py,348,User input 'email' reflected in HTML template without output encoding in handle_data,CWE-79,semgrep,DAST-00248,XSS,HIGH,/api/v1/payments,Stored XSS confirmed: payload injected via 'email' persists and executes,CWE-79,owasp-zap,1,0.87,CVE-2021-79640
SAST-00307,PATH_TRAVERSAL,HIGH,api/controllers/auth.py,171,os.path.join with user input 'id' missing path.resolve() in auth,CWE-22,bandit,DAST-00307,INFO_DISCLOSURE,LOW,/api/v1/auth,Internal IP address and hostname exposed in response headers at /api/v1/auth,CWE-200,http-scanner,1,0.72,CVE-2022-92260
SAST-00893,INFO_DISCLOSURE,LOW,api/controllers/orders.py,181,Internal file path exposed in error message at line 346 in handle_data,CWE-200,bandit,DAST-00893,CORS_MISCONFIGURATION,MEDIUM,/api/v1/profile,CORS wildcard Access-Control-Allow-Origin: * at /api/v1/profile with credentials,CWE-942,owasp-zap,0,0.14,CVE-2023-38110
SAST-00567,SQL_INJECTION,HIGH,api/controllers/payments.py,97,Unparameterized cursor.execute() call detected; parameter 'name' not sanitized,CWE-89,bandit,DAST-00567,SQL_INJECTION,CRITICAL,/api/v1/billing,UNION-based injection confirmed at 'callback': database rows returned in response,CWE-89,owasp-zap,1,0.71,CVE-2021-17340
SAST-00334,SQL_INJECTION,CRITICAL,api/controllers/orders.py,107,Database query uses token directly from request object without parameterized statement,CWE-89,bandit,DAST-00334,INFO_DISCLOSURE,LOW,/api/v1/orders,Internal IP address and hostname exposed in response headers at /api/v1/orders,CWE-200,http-scanner,1,0.81,CVE-2024-19880
SAST-00097,OPEN_REDIRECT,MEDIUM,api/controllers/admin.py,322,Open redirect: flask/django redirect uses unvalidated 'next' parameter in handle_data,CWE-601,bandit,DAST-00097,OPEN_REDIRECT,MEDIUM,/api/v1/admin,HTTP 302 redirect to attacker-controlled domain via 'token' parameter,CWE-601,http-scanner,1,0.94,CVE-2024-28740
SAST-01161,PATH_TRAVERSAL,HIGH,api/controllers/inventory.py,441,"File path from request not normalized in process_payment, directory traversal possible",CWE-22,semgrep,DAST-01161,BROKEN_AUTH,HIGH,/api/v1/search,JWT accepted without signature verification at /api/v1/search,CWE-287,owasp-zap,0,0.34,CVE-2022-57790
SAST-00714,OPEN_REDIRECT,MEDIUM,api/controllers/products.py,217,Open redirect: flask/django redirect uses unvalidated 'token' parameter in get_user,CWE-601,semgrep,DAST-00714,OPEN_REDIRECT,MEDIUM,/api/v1/payments,Open redirect confirmed: server redirects to evil.example.com without validation,CWE-601,owasp-zap,0,0.33,CVE-2022-77730
SAST-00944,OPEN_REDIRECT,MEDIUM,api/controllers/admin.py,277,User-controlled URL 'token' used in redirect without domain whitelist at line 346,CWE-601,semgrep,DAST-00944,CORS_MISCONFIGURATION,MEDIUM,/api/v1/products,CORS misconfiguration allows cross-origin reads from attacker domain,CWE-942,owasp-zap,0,0.43,CVE-2022-43420
SAST-00885,SQL_INJECTION,HIGH,api/controllers/billing.py,338,Database query uses id directly from request object without parameterized statement,CWE-89,bandit,DAST-00885,INFO_DISCLOSURE,MEDIUM,/api/v1/payments,Database schema information leaked in error response for malformed request,CWE-200,owasp-zap,0,0.43,CVE-2024-24290
SAST-01283,WEAK_CRYPTO,MEDIUM,api/controllers/payments.py,177,"random.random() used for security token generation at line 424, use secrets module",CWE-327,bandit,DAST-01283,MISSING_SECURITY_HEADERS,LOW,/api/v1/inventory,Content-Security-Policy header absent from HTTP response at /api/v1/inventory,CWE-693,owasp-zap,0,0.37,CVE-2022-32010
SAST-01174,HARDCODED_CREDENTIALS,HIGH,api/controllers/profile.py,364,API key embedded as string constant in get_user — rotate and move to secrets manager,CWE-798,bandit,DAST-01174,INSECURE_TRANSPORT,HIGH,/api/v1/auth,Endpoint /api/v1/auth served over HTTP without HTTPS redirect,CWE-319,http-scanner,0,0.35,CVE-2024-82080
SAST-01176,PATH_TRAVERSAL,HIGH,api/controllers/profile.py,353,"File path from request not normalized in get_user, directory traversal possible",CWE-22,semgrep,DAST-01176,BROKEN_AUTH,HIGH,/api/v1/products,"Session not invalidated after logout, token still valid at /api/v1/products",CWE-287,owasp-zap,0,0.15,CVE-2023-93980
SAST-00302,WEAK_CRYPTO,MEDIUM,api/controllers/profile.py,407,MD5 hash used for password storage in handle_data — use bcrypt or Argon2,CWE-327,bandit,DAST-00302,INSECURE_TRANSPORT,HIGH,/api/v1/profile,"Sensitive data transmitted in cleartext to /api/v1/profile, no TLS",CWE-319,owasp-zap,1,0.81,CVE-2022-70680
SAST-01066,COMMAND_INJECTION,CRITICAL,api/controllers/users.py,445,os.system() receives unsanitized request parameter 'id' at line 270,CWE-78,bandit,DAST-01066,OPEN_REDIRECT,MEDIUM,/api/v1/users,Open redirect confirmed: server redirects to evil.example.com without validation,CWE-601,http-scanner,0,0.33,CVE-2023-85120
SAST-00388,WEAK_CRYPTO,MEDIUM,api/controllers/billing.py,251,MD5 hash used for password storage in handle_data — use bcrypt or Argon2,CWE-327,semgrep,DAST-00388,INSECURE_TRANSPORT,HIGH,/api/v1/billing,Endpoint /api/v1/billing served over HTTP without HTTPS redirect,CWE-319,http-scanner,1,0.78,CVE-2024-47510
SAST-00235,OPEN_REDIRECT,MEDIUM,api/controllers/users.py,124,Open redirect: flask/django redirect uses unvalidated 'page' parameter in update_profile,CWE-601,semgrep,DAST-00235,OPEN_REDIRECT,MEDIUM,/api/v1/users,Open redirect confirmed: server redirects to evil.example.com without validation,CWE-601,http-scanner,1,0.86,CVE-2023-28010
SAST-00952,PATH_TRAVERSAL,HIGH,api/controllers/auth.py,81,Path traversal: open() called with user-supplied filename 'name' at line 77,CWE-22,bandit,DAST-00952,COMMAND_INJECTION,CRITICAL,/api/v1/profile,"Server returns /etc/passwd content, command injection confirmed at /api/v1/profile",CWE-78,owasp-zap,0,0.38,CVE-2023-71360
SAST-00832,COMMAND_INJECTION,CRITICAL,api/controllers/admin.py,414,"Popen with shell=True and user input 'email', command injection vector in admin",CWE-78,bandit,DAST-00832,COMMAND_INJECTION,CRITICAL,/api/v1/payments,OS command output detected in HTTP response after injection probe on 'query',CWE-78,owasp-zap,0,0.36,CVE-2023-43300
SAST-00305,COMMAND_INJECTION,HIGH,api/controllers/billing.py,408,"Popen with shell=True and user input 'query', command injection vector in billing",CWE-78,semgrep,DAST-00305,SECURITY_MISCONFIG,MEDIUM,/api/v1/billing,HTTP 500 with verbose error message and stack trace at /api/v1/billing,CWE-693,http-scanner,1,0.77,CVE-2023-10040
SAST-00903,INFO_DISCLOSURE,MEDIUM,api/controllers/users.py,363,Exception stack trace returned to client in users,CWE-200,bandit,DAST-00903,XSS,MEDIUM,/api/v1/profile,Reflected XSS: <script>alert(1)</script> echoed unescaped in response for 'next',CWE-79,http-scanner,0,0.28,CVE-2021-23070
SAST-01054,INSECURE_DESERIALIZATION,CRITICAL,api/controllers/orders.py,181,yaml.load() without Loader argument in search — arbitrary code execution risk,CWE-502,bandit,DAST-01054,CORS_MISCONFIGURATION,HIGH,/api/v1/search,CORS wildcard Access-Control-Allow-Origin: * at /api/v1/search with credentials,CWE-942,http-scanner,0,0.48,CVE-2021-38080
SAST-00249,OPEN_REDIRECT,MEDIUM,api/controllers/orders.py,435,Open redirect: flask/django redirect uses unvalidated 'filter' parameter in get_user,CWE-601,semgrep,DAST-00249,OPEN_REDIRECT,MEDIUM,/api/v1/orders,Open redirect confirmed: server redirects to evil.example.com without validation,CWE-601,owasp-zap,1,0.94,CVE-2024-55000
SAST-00887,HARDCODED_CREDENTIALS,HIGH,api/controllers/orders.py,483,Database credential hardcoded in orders at line 158,CWE-798,semgrep,DAST-00887,XSS,MEDIUM,/api/v1/users,XSS probe reflected in HTTP 200 response without Content-Security-Policy,CWE-79,owasp-zap,0,0.14,CVE-2022-81330
SAST-01179,HARDCODED_CREDENTIALS,HIGH,api/controllers/products.py,219,"Hardcoded password literal at line 150 in products, should use environment variable",CWE-798,bandit,DAST-01179,MISSING_SECURITY_HEADERS,MEDIUM,/api/v1/orders,Content-Security-Policy header absent from HTTP response at /api/v1/orders,CWE-693,owasp-zap,0,0.37,CVE-2023-45020
SAST-00071,INFO_DISCLOSURE,MEDIUM,api/controllers/users.py,199,Exception stack trace returned to client in users,CWE-200,semgrep,DAST-00071,INFO_DISCLOSURE,MEDIUM,/api/v1/users,Server version and framework details exposed in X-Powered-By header,CWE-200,http-scanner,1,0.98,CVE-2023-13330
SAST-00094,COMMAND_INJECTION,CRITICAL,api/controllers/auth.py,168,os.system() receives unsanitized request parameter 'callback' at line 345,CWE-78,bandit,DAST-00094,COMMAND_INJECTION,HIGH,/api/v1/auth,RCE confirmed: shell command output in response body for parameter 'callback',CWE-78,http-scanner,1,0.96,CVE-2024-84970
SAST-01065,COMMAND_INJECTION,HIGH,api/controllers/auth.py,297,os.system() receives unsanitized request parameter 'query' at line 256,CWE-78,bandit,DAST-01065,SENSITIVE_DATA_EXPOSURE,MEDIUM,/api/v1/orders,API key visible in HTTP response body at /api/v1/orders,CWE-200,http-scanner,0,0.43,CVE-2022-95010
SAST-00033,INFO_DISCLOSURE,LOW,api/controllers/auth.py,128,Internal file path exposed in error message at line 206 in handle_data,CWE-200,bandit,DAST-00033,INFO_DISCLOSURE,MEDIUM,/api/v1/auth,Stack trace with internal file paths returned in HTTP 500 response at /api/v1/auth,CWE-200,http-scanner,1,0.89,CVE-2022-55550
SAST-00900,COMMAND_INJECTION,HIGH,api/controllers/profile.py,207,Command injection risk: subprocess call with user-controlled argument in handle_data,CWE-78,semgrep,DAST-00900,RATE_LIMITING,MEDIUM,/api/v1/billing,No rate limit: 15 rapid requests to /api/v1/billing completed without throttling,CWE-770,http-scanner,0,0.21,CVE-2022-81020
SAST-00448,SQL_INJECTION,CRITICAL,api/controllers/auth.py,215,"Raw SQL query built with string formatting in update_profile, vulnerable to injection attack",CWE-89,bandit,DAST-00448,INFO_DISCLOSURE,MEDIUM,/api/v1/auth,Stack trace with internal file paths returned in HTTP 500 response at /api/v1/auth,CWE-200,http-scanner,1,0.7,CVE-2024-18330
SAST-00445,PATH_TRAVERSAL,HIGH,api/controllers/admin.py,235,os.path.join with user input 'user_id' missing path.resolve() in admin,CWE-22,semgrep,DAST-00445,INFO_DISCLOSURE,MEDIUM,/api/v1/admin,Internal IP address and hostname exposed in response headers at /api/v1/admin,CWE-200,http-scanner,1,0.7,CVE-2023-35960
SAST-00967,INFO_DISCLOSURE,LOW,api/controllers/orders.py,293,Internal file path exposed in error message at line 309 in process_payment,CWE-200,bandit,DAST-00967,SQL_INJECTION,HIGH,/api/v1/products,UNION-based injection confirmed at 'query': database rows returned in response,CWE-89,http-scanner,0,0.42,CVE-2021-91630
SAST-01247,HARDCODED_CREDENTIALS,HIGH,api/controllers/billing.py,80,Database credential hardcoded in billing at line 301,CWE-798,bandit,DAST-01247,MISSING_SECURITY_HEADERS,LOW,/api/v1/admin,Content-Security-Policy header absent from HTTP response at /api/v1/admin,CWE-693,http-scanner,0,0.3,CVE-2022-37470
SAST-00796,INFO_DISCLOSURE,LOW,api/controllers/billing.py,80,Internal file path exposed in error message at line 265 in get_user,CWE-200,bandit,DAST-00796,INFO_DISCLOSURE,MEDIUM,/api/v1/profile,Database schema information leaked in error response for malformed request,CWE-200,owasp-zap,0,0.42,CVE-2023-16750
SAST-00077,INFO_DISCLOSURE,LOW,api/controllers/users.py,150,Internal file path exposed in error message at line 329 in handle_data,CWE-200,semgrep,DAST-00077,INFO_DISCLOSURE,MEDIUM,/api/v1/users,Internal IP address and hostname exposed in response headers at /api/v1/users,CWE-200,http-scanner,1,0.84,CVE-2021-84980
SAST-00084,OPEN_REDIRECT,MEDIUM,api/controllers/billing.py,149,User-controlled URL 'query' used in redirect without domain whitelist at line 120,CWE-601,semgrep,DAST-00084,OPEN_REDIRECT,MEDIUM,/api/v1/billing,Open redirect confirmed: server redirects to evil.example.com without validation,CWE-601,http-scanner,1,0.91,CVE-2023-32120
SAST-01153,INSECURE_DESERIALIZATION,CRITICAL,api/controllers/auth.py,283,yaml.load() without Loader argument in update_profile — arbitrary code execution risk,CWE-502,bandit,DAST-01153,MISSING_SECURITY_HEADERS,LOW,/api/v1/payments,"Strict-Transport-Security missing, HTTP downgrade possible at /api/v1/payments",CWE-693,http-scanner,0,0.22,CVE-2024-64090
SAST-00082,COMMAND_INJECTION,HIGH,api/controllers/admin.py,455,Command injection risk: subprocess call with user-controlled argument in update_profile,CWE-78,bandit,DAST-00082,COMMAND_INJECTION,HIGH,/api/v1/admin,OS command output detected in HTTP response after injection probe on 'email',CWE-78,owasp-zap,1,0.88,CVE-2024-37300
SAST-00457,COMMAND_INJECTION,CRITICAL,api/controllers/orders.py,20,exec() invoked with dynamic string from user data in search at line 366,CWE-78,bandit,DAST-00457,COMMAND_INJECTION,CRITICAL,/api/v1/inventory,"Server returns /etc/passwd content, command injection confirmed at /api/v1/inventory",CWE-78,owasp-zap,1,0.81,CVE-2021-75570
SAST-01074,COMMAND_INJECTION,HIGH,api/controllers/search.py,241,Command injection risk: subprocess call with user-controlled argument in handle_data,CWE-78,bandit,DAST-01074,INSECURE_TRANSPORT,HIGH,/api/v1/products,"Sensitive data transmitted in cleartext to /api/v1/products, no TLS",CWE-319,http-scanner,0,0.36,CVE-2022-31610
SAST-00864,PATH_TRAVERSAL,HIGH,api/controllers/billing.py,427,os.path.join with user input 'id' missing path.resolve() in billing,CWE-22,semgrep,DAST-00864,SQL_INJECTION,HIGH,/api/v1/profile,Error-based SQLi: PostgreSQL exception message in response body for 'callback',CWE-89,owasp-zap,0,0.17,CVE-2022-38440
SAST-00436,SQL_INJECTION,CRITICAL,api/controllers/auth.py,44,Unparameterized cursor.execute() call detected; parameter 'filter' not sanitized,CWE-89,semgrep,DAST-00436,INFO_DISCLOSURE,MEDIUM,/api/v1/auth,Internal IP address and hostname exposed in response headers at /api/v1/auth,CWE-200,owasp-zap,1,0.75,CVE-2021-21490
SAST-01008,HARDCODED_CREDENTIALS,HIGH,api/controllers/products.py,423,API key embedded as string constant in search — rotate and move to secrets manager,CWE-798,bandit,DAST-01008,SQL_INJECTION,HIGH,/api/v1/orders,Error-based SQLi: PostgreSQL exception message in response body for 'next',CWE-89,http-scanner,0,0.24,CVE-2023-71740
SAST-01039,HARDCODED_CREDENTIALS,HIGH,api/controllers/products.py,32,API key embedded as string constant in authenticate — rotate and move to secrets manager,CWE-798,semgrep,DAST-01039,OPEN_REDIRECT,MEDIUM,/api/v1/orders,Open redirect confirmed: server redirects to evil.example.com without validation,CWE-601,http-scanner,0,0.38,CVE-2023-10270
SAST-00404,SQL_INJECTION,HIGH,api/controllers/payments.py,182,Unparameterized cursor.execute() call detected; parameter 'id' not sanitized,CWE-89,semgrep,DAST-00404,INFO_DISCLOSURE,LOW,/api/v1/payments,Stack trace with internal file paths returned in HTTP 500 response at /api/v1/payments,CWE-200,http-scanner,1,0.86,CVE-2024-91640
SAST-01133,HARDCODED_CREDENTIALS,HIGH,api/controllers/inventory.py,165,API key embedded as string constant in get_user — rotate and move to secrets manager,CWE-798,bandit,DAST-01133,MISSING_SECURITY_HEADERS,LOW,/api/v1/profile,"X-Frame-Options not set, clickjacking attack vector exists at /api/v1/profile",CWE-693,http-scanner,0,0.2,CVE-2021-17550
SAST-00706,COMMAND_INJECTION,HIGH,api/controllers/payments.py,154,Command injection risk: subprocess call with user-controlled argument in update_profile,CWE-78,bandit,DAST-00706,COMMAND_INJECTION,CRITICAL,/api/v1/inventory,"Server returns /etc/passwd content, command injection confirmed at /api/v1/inventory",CWE-78,owasp-zap,0,0.3,CVE-2022-10250
SAST-00754,SQL_INJECTION,CRITICAL,api/controllers/auth.py,144,"Dynamic SQL constructed via f-string concatenation at line 54, inject risk in auth",CWE-89,bandit,DAST-00754,SQL_INJECTION,HIGH,/api/v1/billing,Boolean-based blind SQLi detected at parameter 'query' in endpoint /api/v1/billing,CWE-89,http-scanner,0,0.33,CVE-2023-49760
SAST-00104,SQL_INJECTION,CRITICAL,api/controllers/products.py,392,Unparameterized cursor.execute() call detected; parameter 'query' not sanitized,CWE-89,semgrep,DAST-00104,SQL_INJECTION,HIGH,/api/v1/products,UNION-based injection confirmed at 'filter': database rows returned in response,CWE-89,owasp-zap,1,0.83,CVE-2024-97830
SAST-00630,XSS,HIGH,api/controllers/payments.py,118,Cross-site scripting risk: innerHTML assignment with user-controlled content in search,CWE-79,bandit,DAST-00630,XSS,MEDIUM,/api/v1/auth,XSS probe reflected in HTTP 200 response without Content-Security-Policy,CWE-79,http-scanner,0,0.38,CVE-2021-73490
SAST-00704,OPEN_REDIRECT,MEDIUM,api/controllers/inventory.py,464,User-controlled URL 'name' used in redirect without domain whitelist at line 179,CWE-601,semgrep,DAST-00704,OPEN_REDIRECT,MEDIUM,/api/v1/users,Open redirect confirmed: server redirects to evil.example.com without validation,CWE-601,http-scanner,0,0.56,CVE-2021-90580
SAST-00062,XSS,MEDIUM,api/controllers/auth.py,399,"Unsafe document.write() with request data in auth, XSS vector",CWE-79,semgrep,DAST-00062,XSS,HIGH,/api/v1/auth,Stored XSS confirmed: payload injected via 'id' persists and executes,CWE-79,http-scanner,1,0.96,CVE-2023-22260
SAST-00281,SENSITIVE_DATA_EXPOSURE,MEDIUM,api/controllers/admin.py,238,PII returned in API response without field filtering in admin,CWE-200,bandit,DAST-00281,SENSITIVE_DATA_EXPOSURE,LOW,/api/v1/admin,Password hash returned in API response at /api/v1/admin without authorization,CWE-200,owasp-zap,1,0.86,CVE-2021-60110
SAST-00770,OPEN_REDIRECT,MEDIUM,api/controllers/users.py,95,Open redirect: flask/django redirect uses unvalidated 'query' parameter in search,CWE-601,bandit,DAST-00770,OPEN_REDIRECT,MEDIUM,/api/v1/payments,Open redirect confirmed: server redirects to evil.example.com without validation,CWE-601,http-scanner,0,0.33,CVE-2024-98530
SAST-00238,SENSITIVE_DATA_EXPOSURE,MEDIUM,api/controllers/payments.py,161,Credit card number present in debug log output at line 142,CWE-200,semgrep,DAST-00238,SENSITIVE_DATA_EXPOSURE,LOW,/api/v1/payments,API key visible in HTTP response body at /api/v1/payments,CWE-200,owasp-zap,1,0.88,CVE-2022-65720
SAST-00223,XSS,MEDIUM,api/controllers/auth.py,97,Cross-site scripting risk: innerHTML assignment with user-controlled content in process_payment,CWE-79,semgrep,DAST-00223,XSS,HIGH,/api/v1/auth,Reflected XSS: <script>alert(1)</script> echoed unescaped in response for 'next',CWE-79,http-scanner,1,0.97,CVE-2022-93670
SAST-00145,SQL_INJECTION,HIGH,api/controllers/products.py,133,Database query uses query directly from request object without parameterized statement,CWE-89,bandit,DAST-00145,SQL_INJECTION,HIGH,/api/v1/products,Error-based SQLi: PostgreSQL exception message in response body for 'id',CWE-89,http-scanner,1,0.89,CVE-2024-93730
SAST-01213,WEAK_CRYPTO,MEDIUM,api/controllers/products.py,266,"random.random() used for security token generation at line 38, use secrets module",CWE-327,semgrep,DAST-01213,MISSING_SECURITY_HEADERS,MEDIUM,/api/v1/products,"X-Frame-Options not set, clickjacking attack vector exists at /api/v1/products",CWE-693,owasp-zap,0,0.3,CVE-2022-20250
SAST-00373,WEAK_CRYPTO,MEDIUM,api/controllers/auth.py,465,"random.random() used for security token generation at line 33, use secrets module",CWE-327,semgrep,DAST-00373,INSECURE_TRANSPORT,HIGH,/api/v1/auth,Endpoint /api/v1/auth served over HTTP without HTTPS redirect,CWE-319,owasp-zap,1,0.72,CVE-2023-11300
SAST-00118,SENSITIVE_DATA_EXPOSURE,MEDIUM,api/controllers/orders.py,326,Credit card number present in debug log output at line 337,CWE-200,semgrep,DAST-00118,SENSITIVE_DATA_EXPOSURE,MEDIUM,/api/v1/orders,API key visible in HTTP response body at /api/v1/orders,CWE-200,http-scanner,1,0.9,CVE-2021-49260
SAST-00945,HARDCODED_CREDENTIALS,HIGH,api/controllers/auth.py,478,API key embedded as string constant in handle_data — rotate and move to secrets manager,CWE-798,bandit,DAST-00945,OPEN_REDIRECT,MEDIUM,/api/v1/products,Open redirect confirmed: server redirects to evil.example.com without validation,CWE-601,owasp-zap,0,0.09,CVE-2021-30380
SAST-00250,COMMAND_INJECTION,HIGH,api/controllers/orders.py,353,Command injection risk: subprocess call with user-controlled argument in authenticate,CWE-78,semgrep,DAST-00250,COMMAND_INJECTION,HIGH,/api/v1/orders,OS command output detected in HTTP response after injection probe on 'query',CWE-78,owasp-zap,1,0.97,CVE-2022-71490
SAST-01252,PATH_TRAVERSAL,HIGH,api/controllers/search.py,108,os.path.join with user input 'callback' missing path.resolve() in search,CWE-22,semgrep,DAST-01252,RATE_LIMITING,MEDIUM,/api/v1/admin,"Authentication endpoint /api/v1/admin lacks rate limiting, brute force possible",CWE-770,owasp-zap,0,0.05,CVE-2023-27760
SAST-00009,SQL_INJECTION,CRITICAL,api/controllers/auth.py,132,Unparameterized cursor.execute() call detected; parameter 'name' not sanitized,CWE-89,bandit,DAST-00009,SQL_INJECTION,CRITICAL,/api/v1/auth,SQL error in HTTP response after injection probe on 'email': MySQL syntax error exposed,CWE-89,owasp-zap,1,0.84,CVE-2024-51480
SAST-00449,PATH_TRAVERSAL,HIGH,api/controllers/search.py,397,os.path.join with user input 'callback' missing path.resolve() in search,CWE-22,semgrep,DAST-00449,INFO_DISCLOSURE,MEDIUM,/api/v1/search,Internal IP address and hostname exposed in response headers at /api/v1/search,CWE-200,owasp-zap,1,0.83,CVE-2021-80800
SAST-00255,SQL_INJECTION,HIGH,api/controllers/inventory.py,499,Database query uses email directly from request object without parameterized statement,CWE-89,bandit,DAST-00255,SQL_INJECTION,HIGH,/api/v1/inventory,Error-based SQLi: PostgreSQL exception message in response body for 'callback',CWE-89,owasp-zap,1,0.96,CVE-2021-45760
SAST-00593,COMMAND_INJECTION,CRITICAL,api/controllers/orders.py,160,Command injection risk: subprocess call with user-controlled argument in get_user,CWE-78,bandit,DAST-00593,COMMAND_INJECTION,CRITICAL,/api/v1/inventory,OS command output detected in HTTP response after injection probe on 'page',CWE-78,http-scanner,1,0.72,CVE-2024-32470
SAST-00389,WEAK_CRYPTO,MEDIUM,api/controllers/admin.py,418,"random.random() used for security token generation at line 160, use secrets module",CWE-327,bandit,DAST-00389,INSECURE_TRANSPORT,HIGH,/api/v1/admin,"Sensitive data transmitted in cleartext to /api/v1/admin, no TLS",CWE-319,owasp-zap,1,0.79,CVE-2023-21200
SAST-00727,XSS,MEDIUM,api/controllers/search.py,264,Cross-site scripting risk: innerHTML assignment with user-controlled content in get_user,CWE-79,semgrep,DAST-00727,XSS,HIGH,/api/v1/payments,XSS probe reflected in HTTP 200 response without Content-Security-Policy,CWE-79,owasp-zap,0,0.29,CVE-2022-48560
SAST-01043,INFO_DISCLOSURE,LOW,api/controllers/products.py,214,Internal file path exposed in error message at line 147 in get_user,CWE-200,bandit,DAST-01043,BROKEN_AUTH,HIGH,/api/v1/users,"Session not invalidated after logout, token still valid at /api/v1/users",CWE-287,owasp-zap,0,0.3,CVE-2023-31520
SAST-00557,XSS,HIGH,api/controllers/orders.py,424,Cross-site scripting risk: innerHTML assignment with user-controlled content in process_payment,CWE-79,bandit,DAST-00557,XSS,HIGH,/api/v1/inventory,XSS probe reflected in HTTP 200 response without Content-Security-Policy,CWE-79,http-scanner,1,0.74,CVE-2021-25230
SAST-00460,XSS,HIGH,api/controllers/payments.py,417,dangerouslySetInnerHTML used without sanitization at line 49 in payments,CWE-79,semgrep,DAST-00460,XSS,HIGH,/api/v1/billing,XSS probe reflected in HTTP 200 response without Content-Security-Policy,CWE-79,http-scanner,1,0.78,CVE-2024-37020
SAST-01197,PATH_TRAVERSAL,HIGH,api/controllers/payments.py,255,os.path.join with user input 'user_id' missing path.resolve() in payments,CWE-22,bandit,DAST-01197,RATE_LIMITING,MEDIUM,/api/v1/orders,"Authentication endpoint /api/v1/orders lacks rate limiting, brute force possible",CWE-770,owasp-zap,0,0.06,CVE-2023-87310
SAST-00144,SQL_INJECTION,CRITICAL,api/controllers/payments.py,354,Unparameterized cursor.execute() call detected; parameter 'callback' not sanitized,CWE-89,semgrep,DAST-00144,SQL_INJECTION,HIGH,/api/v1/payments,UNION-based injection confirmed at 'user_id': database rows returned in response,CWE-89,http-scanner,1,0.85,CVE-2021-83950
SAST-00501,SQL_INJECTION,CRITICAL,api/controllers/payments.py,356,Unparameterized cursor.execute() call detected; parameter 'email' not sanitized,CWE-89,bandit,DAST-00501,SQL_INJECTION,CRITICAL,/api/v1/billing,SQL error in HTTP response after injection probe on 'name': MySQL syntax error exposed,CWE-89,owasp-zap,1,0.72,CVE-2022-66860
SAST-01200,HARDCODED_CREDENTIALS,HIGH,api/controllers/payments.py,12,API key embedded as string constant in update_profile — rotate and move to secrets manager,CWE-798,semgrep,DAST-01200,BROKEN_AUTH,HIGH,/api/v1/inventory,JWT accepted without signature verification at /api/v1/inventory,CWE-287,owasp-zap,0,0.18,CVE-2024-31020
SAST-00539,SQL_INJECTION,HIGH,api/controllers/orders.py,242,Database query uses callback directly from request object without parameterized statement,CWE-89,bandit,DAST-00539,SQL_INJECTION,HIGH,/api/v1/inventory,Boolean-based blind SQLi detected at parameter 'filter' in endpoint /api/v1/inventory,CWE-89,owasp-zap,1,0.71,CVE-2021-18050
SAST-00177,INFO_DISCLOSURE,LOW,api/controllers/products.py,304,Exception stack trace returned to client in products,CWE-200,semgrep,DAST-00177,INFO_DISCLOSURE,LOW,/api/v1/products,Server version and framework details exposed in X-Powered-By header,CWE-200,owasp-zap,1,0.87,CVE-2024-35560
SAST-01254,WEAK_CRYPTO,MEDIUM,api/controllers/admin.py,280,"random.random() used for security token generation at line 371, use secrets module",CWE-327,bandit,DAST-01254,BROKEN_AUTH,HIGH,/api/v1/admin,"Session not invalidated after logout, token still valid at /api/v1/admin",CWE-287,owasp-zap,0,0.24,CVE-2024-21960
SAST-00816,COMMAND_INJECTION,CRITICAL,api/controllers/products.py,413,exec() invoked with dynamic string from user data in authenticate at line 73,CWE-78,semgrep,DAST-00816,COMMAND_INJECTION,HIGH,/api/v1/billing,RCE confirmed: shell command output in response body for parameter 'filter',CWE-78,http-scanner,0,0.5,CVE-2022-13020
SAST-00679,XSS,HIGH,api/controllers/products.py,423,User input 'page' reflected in HTML template without output encoding in get_user,CWE-79,bandit,DAST-00679,XSS,MEDIUM,/api/v1/profile,Stored XSS confirmed: payload injected via 'filter' persists and executes,CWE-79,http-scanner,0,0.62,CVE-2024-98140
SAST-01293,WEAK_CRYPTO,MEDIUM,api/controllers/profile.py,115,DES encryption detected in profile — use AES-256 instead,CWE-327,bandit,DAST-01293,RATE_LIMITING,MEDIUM,/api/v1/products,"Authentication endpoint /api/v1/products lacks rate limiting, brute force possible",CWE-770,owasp-zap,0,0.33,CVE-2022-29220
SAST-00007,INFO_DISCLOSURE,LOW,api/controllers/search.py,359,Internal file path exposed in error message at line 463 in update_profile,CWE-200,semgrep,DAST-00007,INFO_DISCLOSURE,MEDIUM,/api/v1/search,Stack trace with internal file paths returned in HTTP 500 response at /api/v1/search,CWE-200,owasp-zap,1,0.98,CVE-2022-92610
SAST-00650,INFO_DISCLOSURE,LOW,api/controllers/products.py,38,Internal file path exposed in error message at line 392 in get_user,CWE-200,bandit,DAST-00650,INFO_DISCLOSURE,LOW,/api/v1/orders,Internal IP address and hostname exposed in response headers at /api/v1/orders,CWE-200,owasp-zap,0,0.52,CVE-2021-58340
SAST-01031,COMMAND_INJECTION,CRITICAL,api/controllers/auth.py,203,os.system() receives unsanitized request parameter 'filter' at line 13,CWE-78,bandit,DAST-01031,RATE_LIMITING,MEDIUM,/api/v1/inventory,No rate limit: 15 rapid requests to /api/v1/inventory completed without throttling,CWE-770,owasp-zap,0,0.11,CVE-2024-12000
SAST-00357,PATH_TRAVERSAL,HIGH,api/controllers/profile.py,102,Path traversal: open() called with user-supplied filename 'email' at line 408,CWE-22,bandit,DAST-00357,INFO_DISCLOSURE,MEDIUM,/api/v1/profile,Internal IP address and hostname exposed in response headers at /api/v1/profile,CWE-200,owasp-zap,1,0.77,CVE-2022-52330
SAST-00329,SENSITIVE_DATA_EXPOSURE,LOW,api/controllers/billing.py,45,Credit card number present in debug log output at line 281,CWE-200,semgrep,DAST-00329,INFO_DISCLOSURE,MEDIUM,/api/v1/billing,Database schema information leaked in error response for malformed request,CWE-200,http-scanner,1,0.82,CVE-2021-22260
SAST-00987,SENSITIVE_DATA_EXPOSURE,MEDIUM,api/controllers/inventory.py,333,Credit card number present in debug log output at line 350,CWE-200,bandit,DAST-00987,OPEN_REDIRECT,MEDIUM,/api/v1/billing,Open redirect confirmed: server redirects to evil.example.com without validation,CWE-601,http-scanner,0,0.19,CVE-2024-73470
SAST-00976,INSECURE_DESERIALIZATION,HIGH,api/controllers/inventory.py,412,Insecure deserialization: pickle.loads() called with user-supplied data at line 14,CWE-502,semgrep,DAST-00976,RATE_LIMITING,MEDIUM,/api/v1/inventory,No rate limit: 15 rapid requests to /api/v1/inventory completed without throttling,CWE-770,owasp-zap,0,0.28,CVE-2021-96690
SAST-00258,SQL_INJECTION,HIGH,api/controllers/inventory.py,432,Database query uses name directly from request object without parameterized statement,CWE-89,semgrep,DAST-00258,SQL_INJECTION,CRITICAL,/api/v1/inventory,UNION-based injection confirmed at 'filter': database rows returned in response,CWE-89,owasp-zap,1,0.96,CVE-2024-37830
SAST-01024,SENSITIVE_DATA_EXPOSURE,LOW,api/controllers/payments.py,105,PII returned in API response without field filtering in payments,CWE-200,semgrep,DAST-01024,SQL_INJECTION,HIGH,/api/v1/search,Boolean-based blind SQLi detected at parameter 'name' in endpoint /api/v1/search,CWE-89,http-scanner,0,0.12,CVE-2024-49230
SAST-00372,WEAK_CRYPTO,MEDIUM,api/controllers/search.py,403,"random.random() used for security token generation at line 456, use secrets module",CWE-327,bandit,DAST-00372,INSECURE_TRANSPORT,HIGH,/api/v1/search,Endpoint /api/v1/search served over HTTP without HTTPS redirect,CWE-319,owasp-zap,1,0.68,CVE-2021-38850
SAST-00908,COMMAND_INJECTION,CRITICAL,api/controllers/users.py,292,"Popen with shell=True and user input 'page', command injection vector in users",CWE-78,semgrep,DAST-00908,SQL_INJECTION,HIGH,/api/v1/auth,Error-based SQLi: PostgreSQL exception message in response body for 'filter',CWE-89,owasp-zap,0,0.09,CVE-2021-94230
SAST-01032,WEAK_CRYPTO,MEDIUM,api/controllers/orders.py,146,DES encryption detected in orders — use AES-256 instead,CWE-327,semgrep,DAST-01032,XSS,MEDIUM,/api/v1/profile,Stored XSS confirmed: payload injected via 'callback' persists and executes,CWE-79,owasp-zap,0,0.34,CVE-2024-31680
SAST-01268,WEAK_CRYPTO,MEDIUM,api/controllers/auth.py,365,DES encryption detected in auth — use AES-256 instead,CWE-327,semgrep,DAST-01268,RATE_LIMITING,MEDIUM,/api/v1/auth,"Authentication endpoint /api/v1/auth lacks rate limiting, brute force possible",CWE-770,http-scanner,0,0.38,CVE-2022-86800
SAST-00525,XSS,HIGH,api/controllers/orders.py,52,"Unsafe document.write() with request data in orders, XSS vector",CWE-79,bandit,DAST-00525,XSS,HIGH,/api/v1/inventory,Stored XSS confirmed: payload injected via 'token' persists and executes,CWE-79,http-scanner,1,0.82,CVE-2024-36050
SAST-01264,INSECURE_DESERIALIZATION,HIGH,api/controllers/profile.py,435,marshal.loads() on user-controlled bytes in profile at line 479,CWE-502,semgrep,DAST-01264,INSECURE_TRANSPORT,HIGH,/api/v1/search,"Sensitive data transmitted in cleartext to /api/v1/search, no TLS",CWE-319,http-scanner,0,0.07,CVE-2023-65770
SAST-01125,WEAK_CRYPTO,MEDIUM,api/controllers/billing.py,431,"random.random() used for security token generation at line 424, use secrets module",CWE-327,semgrep,DAST-01125,CORS_MISCONFIGURATION,MEDIUM,/api/v1/products,Server reflects arbitrary Origin header without validation at /api/v1/products,CWE-942,owasp-zap,0,0.23,CVE-2022-10580
SAST-00879,HARDCODED_CREDENTIALS,HIGH,api/controllers/admin.py,24,API key embedded as string constant in update_profile — rotate and move to secrets manager,CWE-798,semgrep,DAST-00879,MISSING_SECURITY_HEADERS,LOW,/api/v1/auth,Content-Security-Policy header absent from HTTP response at /api/v1/auth,CWE-693,owasp-zap,0,0.3,CVE-2023-56260
SAST-01236,HARDCODED_CREDENTIALS,HIGH,api/controllers/inventory.py,213,"Hardcoded password literal at line 360 in inventory, should use environment variable",CWE-798,bandit,DAST-01236,MISSING_SECURITY_HEADERS,MEDIUM,/api/v1/orders,Content-Security-Policy header absent from HTTP response at /api/v1/orders,CWE-693,http-scanner,0,0.32,CVE-2023-42300
SAST-00440,COMMAND_INJECTION,CRITICAL,api/controllers/orders.py,245,Command injection risk: subprocess call with user-controlled argument in authenticate,CWE-78,bandit,DAST-00440,SECURITY_MISCONFIG,MEDIUM,/api/v1/orders,HTTP 500 with verbose error message and stack trace at /api/v1/orders,CWE-693,owasp-zap,1,0.84,CVE-2024-82830
SAST-00531,XSS,MEDIUM,api/controllers/auth.py,398,dangerouslySetInnerHTML used without sanitization at line 153 in auth,CWE-79,bandit,DAST-00531,XSS,HIGH,/api/v1/users,Reflected XSS: <script>alert(1)</script> echoed unescaped in response for 'token',CWE-79,owasp-zap,1,0.83,CVE-2023-67890
SAST-01134,WEAK_CRYPTO,MEDIUM,api/controllers/payments.py,224,"random.random() used for security token generation at line 252, use secrets module",CWE-327,bandit,DAST-01134,MISSING_SECURITY_HEADERS,MEDIUM,/api/v1/users,Content-Security-Policy header absent from HTTP response at /api/v1/users,CWE-693,http-scanner,0,0.08,CVE-2021-65070
SAST-00226,INFO_DISCLOSURE,MEDIUM,api/controllers/orders.py,50,Exception stack trace returned to client in orders,CWE-200,bandit,DAST-00226,INFO_DISCLOSURE,MEDIUM,/api/v1/orders,Stack trace with internal file paths returned in HTTP 500 response at /api/v1/orders,CWE-200,owasp-zap,1,0.84,CVE-2024-17460
SAST-00228,OPEN_REDIRECT,MEDIUM,api/controllers/payments.py,222,User-controlled URL 'name' used in redirect without domain whitelist at line 86,CWE-601,bandit,DAST-00228,OPEN_REDIRECT,MEDIUM,/api/v1/payments,HTTP 302 redirect to attacker-controlled domain via 'email' parameter,CWE-601,http-scanner,1,0.97,CVE-2022-93100
SAST-01128,WEAK_CRYPTO,MEDIUM,api/controllers/admin.py,140,MD5 hash used for password storage in update_profile — use bcrypt or Argon2,CWE-327,bandit,DAST-01128,MISSING_SECURITY_HEADERS,MEDIUM,/api/v1/billing,"X-Frame-Options not set, clickjacking attack vector exists at /api/v1/billing",CWE-693,http-scanner,0,0.27,CVE-2021-52670
SAST-00212,SQL_INJECTION,CRITICAL,api/controllers/profile.py,402,Database query uses user_id directly from request object without parameterized statement,CWE-89,bandit,DAST-00212,SQL_INJECTION,HIGH,/api/v1/profile,UNION-based injection confirmed at 'id': database rows returned in response,CWE-89,owasp-zap,1,0.92,CVE-2023-84550
SAST-00079,COMMAND_INJECTION,HIGH,api/controllers/users.py,56,exec() invoked with dynamic string from user data in authenticate at line 435,CWE-78,semgrep,DAST-00079,COMMAND_INJECTION,CRITICAL,/api/v1/users,OS command output detected in HTTP response after injection probe on 'email',CWE-78,owasp-zap,1,0.92,CVE-2023-46030
SAST-00148,XSS,MEDIUM,api/controllers/search.py,396,"Unsafe document.write() with request data in search, XSS vector",CWE-79,bandit,DAST-00148,XSS,MEDIUM,/api/v1/search,DOM-based XSS via 'id' parameter in endpoint /api/v1/search,CWE-79,http-scanner,1,0.98,CVE-2024-87330
SAST-01291,WEAK_CRYPTO,MEDIUM,api/controllers/billing.py,147,MD5 hash used for password storage in search — use bcrypt or Argon2,CWE-327,semgrep,DAST-01291,INSECURE_TRANSPORT,HIGH,/api/v1/products,"Sensitive data transmitted in cleartext to /api/v1/products, no TLS",CWE-319,http-scanner,0,0.22,CVE-2021-12520
SAST-00990,INSECURE_DESERIALIZATION,CRITICAL,api/controllers/profile.py,490,Insecure deserialization: pickle.loads() called with user-supplied data at line 199,CWE-502,bandit,DAST-00990,XSS,HIGH,/api/v1/profile,XSS probe reflected in HTTP 200 response without Content-Security-Policy,CWE-79,http-scanner,0,0.44,CVE-2023-17730
SAST-01265,WEAK_CRYPTO,MEDIUM,api/controllers/profile.py,332,MD5 hash used for password storage in process_payment — use bcrypt or Argon2,CWE-327,bandit,DAST-01265,INSECURE_TRANSPORT,HIGH,/api/v1/users,Endpoint /api/v1/users served over HTTP without HTTPS redirect,CWE-319,http-scanner,0,0.18,CVE-2024-89810
SAST-00133,OPEN_REDIRECT,MEDIUM,api/controllers/profile.py,397,User-controlled URL 'page' used in redirect without domain whitelist at line 157,CWE-601,bandit,DAST-00133,OPEN_REDIRECT,MEDIUM,/api/v1/profile,HTTP 302 redirect to attacker-controlled domain via 'id' parameter,CWE-601,owasp-zap,1,0.89,CVE-2022-35200
SAST-00917,INSECURE_DESERIALIZATION,HIGH,api/controllers/billing.py,58,Insecure deserialization: pickle.loads() called with user-supplied data at line 18,CWE-502,bandit,DAST-00917,RATE_LIMITING,MEDIUM,/api/v1/search,"Authentication endpoint /api/v1/search lacks rate limiting, brute force possible",CWE-770,owasp-zap,0,0.21,CVE-2023-11970
SAST-00408,WEAK_CRYPTO,MEDIUM,api/controllers/users.py,483,"random.random() used for security token generation at line 307, use secrets module",CWE-327,bandit,DAST-00408,INSECURE_TRANSPORT,HIGH,/api/v1/users,"Sensitive data transmitted in cleartext to /api/v1/users, no TLS",CWE-319,owasp-zap,1,0.68,CVE-2021-68410
SAST-00783,SQL_INJECTION,HIGH,api/controllers/orders.py,98,Unparameterized cursor.execute() call detected; parameter 'page' not sanitized,CWE-89,bandit,DAST-00783,SQL_INJECTION,HIGH,/api/v1/users,Error-based SQLi: PostgreSQL exception message in response body for 'id',CWE-89,http-scanner,0,0.37,CVE-2023-59820
SAST-00507,COMMAND_INJECTION,HIGH,api/controllers/orders.py,333,os.system() receives unsanitized request parameter 'email' at line 375,CWE-78,semgrep,DAST-00507,COMMAND_INJECTION,CRITICAL,/api/v1/inventory,"Server returns /etc/passwd content, command injection confirmed at /api/v1/inventory",CWE-78,http-scanner,1,0.79,CVE-2023-35580
SAST-01030,PATH_TRAVERSAL,HIGH,api/controllers/orders.py,245,Path traversal: open() called with user-supplied filename 'next' at line 41,CWE-22,bandit,DAST-01030,BROKEN_AUTH,HIGH,/api/v1/billing,Endpoint /api/v1/billing accessible without valid session token,CWE-287,http-scanner,0,0.34,CVE-2023-26340
SAST-00504,SQL_INJECTION,CRITICAL,api/controllers/orders.py,429,Unparameterized cursor.execute() call detected; parameter 'token' not sanitized,CWE-89,semgrep,DAST-00504,SQL_INJECTION,HIGH,/api/v1/inventory,Error-based SQLi: PostgreSQL exception message in response body for 'filter',CWE-89,http-scanner,1,0.77,CVE-2021-65850
SAST-00787,SENSITIVE_DATA_EXPOSURE,LOW,api/controllers/inventory.py,28,Credit card number present in debug log output at line 496,CWE-200,bandit,DAST-00787,SENSITIVE_DATA_EXPOSURE,LOW,/api/v1/billing,API key visible in HTTP response body at /api/v1/billing,CWE-200,http-scanner,0,0.35,CVE-2024-70140
SAST-00347,SENSITIVE_DATA_EXPOSURE,MEDIUM,api/controllers/auth.py,454,Password or token logged to console in handle_data at line 462,CWE-200,bandit,DAST-00347,INFO_DISCLOSURE,LOW,/api/v1/auth,Internal IP address and hostname exposed in response headers at /api/v1/auth,CWE-200,owasp-zap,1,0.72,CVE-2024-68100
SAST-00386,WEAK_CRYPTO,MEDIUM,api/controllers/products.py,206,DES encryption detected in products — use AES-256 instead,CWE-327,semgrep,DAST-00386,INSECURE_TRANSPORT,HIGH,/api/v1/products,Endpoint /api/v1/products served over HTTP without HTTPS redirect,CWE-319,http-scanner,1,0.76,CVE-2024-97930
SAST-00000,SENSITIVE_DATA_EXPOSURE,MEDIUM,api/controllers/auth.py,135,Password or token logged to console in get_user at line 124,CWE-200,bandit,DAST-00000,SENSITIVE_DATA_EXPOSURE,MEDIUM,/api/v1/auth,API key visible in HTTP response body at /api/v1/auth,CWE-200,owasp-zap,1,0.86,CVE-2021-27390
SAST-00360,PATH_TRAVERSAL,HIGH,api/controllers/search.py,70,os.path.join with user input 'token' missing path.resolve() in search,CWE-22,bandit,DAST-00360,INFO_DISCLOSURE,LOW,/api/v1/search,Database schema information leaked in error response for malformed request,CWE-200,owasp-zap,1,0.8,CVE-2024-63390
SAST-01229,HARDCODED_CREDENTIALS,HIGH,api/controllers/users.py,72,"Hardcoded password literal at line 111 in users, should use environment variable",CWE-798,semgrep,DAST-01229,BROKEN_AUTH,HIGH,/api/v1/admin,"Session not invalidated after logout, token still valid at /api/v1/admin",CWE-287,owasp-zap,0,0.26,CVE-2022-42210
SAST-00475,XSS,MEDIUM,api/controllers/payments.py,124,"Unsafe document.write() with request data in payments, XSS vector",CWE-79,semgrep,DAST-00475,XSS,HIGH,/api/v1/billing,DOM-based XSS via 'callback' parameter in endpoint /api/v1/billing,CWE-79,owasp-zap,1,0.78,CVE-2023-15440
SAST-01114,HARDCODED_CREDENTIALS,HIGH,api/controllers/search.py,56,"Hardcoded password literal at line 155 in search, should use environment variable",CWE-798,semgrep,DAST-01114,CORS_MISCONFIGURATION,HIGH,/api/v1/inventory,CORS wildcard Access-Control-Allow-Origin: * at /api/v1/inventory with credentials,CWE-942,http-scanner,0,0.39,CVE-2022-18380
SAST-00910,XSS,MEDIUM,api/controllers/auth.py,38,Jinja2 template renders user input without autoescaping in get_user at line 370,CWE-79,bandit,DAST-00910,SENSITIVE_DATA_EXPOSURE,LOW,/api/v1/users,Password hash returned in API response at /api/v1/users without authorization,CWE-200,owasp-zap,0,0.1,CVE-2021-62040
SAST-00904,SENSITIVE_DATA_EXPOSURE,LOW,api/controllers/profile.py,239,Credit card number present in debug log output at line 467,CWE-200,semgrep,DAST-00904,SQL_INJECTION,CRITICAL,/api/v1/admin,SQL error in HTTP response after injection probe on 'user_id': MySQL syntax error exposed,CWE-89,http-scanner,0,0.36,CVE-2022-17960
SAST-00881,XSS,MEDIUM,api/controllers/users.py,470,Jinja2 template renders user input without autoescaping in search at line 61,CWE-79,bandit,DAST-00881,SENSITIVE_DATA_EXPOSURE,MEDIUM,/api/v1/billing,PII data accessible via /api/v1/billing without proper access control,CWE-200,http-scanner,0,0.41,CVE-2021-86270
SAST-00723,INFO_DISCLOSURE,MEDIUM,api/controllers/profile.py,326,Exception stack trace returned to client in profile,CWE-200,bandit,DAST-00723,INFO_DISCLOSURE,MEDIUM,/api/v1/billing,Internal IP address and hostname exposed in response headers at /api/v1/billing,CWE-200,owasp-zap,0,0.32,CVE-2024-78980
SAST-00172,SQL_INJECTION,CRITICAL,api/controllers/users.py,185,Unparameterized cursor.execute() call detected; parameter 'email' not sanitized,CWE-89,semgrep,DAST-00172,SQL_INJECTION,CRITICAL,/api/v1/users,Boolean-based blind SQLi detected at parameter 'next' in endpoint /api/v1/users,CWE-89,http-scanner,1,0.83,CVE-2021-39280
SAST-00450,SQL_INJECTION,CRITICAL,api/controllers/payments.py,128,"Dynamic SQL constructed via f-string concatenation at line 331, inject risk in payments",CWE-89,bandit,DAST-00450,SQL_INJECTION,HIGH,/api/v1/billing,SQL error in HTTP response after injection probe on 'id': MySQL syntax error exposed,CWE-89,owasp-zap,1,0.75,CVE-2023-44270
SAST-00125,OPEN_REDIRECT,MEDIUM,api/controllers/inventory.py,320,User-controlled URL 'user_id' used in redirect without domain whitelist at line 467,CWE-601,semgrep,DAST-00125,OPEN_REDIRECT,MEDIUM,/api/v1/inventory,Open redirect confirmed: server redirects to evil.example.com without validation,CWE-601,http-scanner,1,0.91,CVE-2024-74040
SAST-00745,SENSITIVE_DATA_EXPOSURE,MEDIUM,api/controllers/orders.py,195,Credit card number present in debug log output at line 50,CWE-200,bandit,DAST-00745,SENSITIVE_DATA_EXPOSURE,MEDIUM,/api/v1/billing,PII data accessible via /api/v1/billing without proper access control,CWE-200,http-scanner,0,0.36,CVE-2021-92100
SAST-00530,COMMAND_INJECTION,HIGH,api/controllers/auth.py,190,exec() invoked with dynamic string from user data in search at line 426,CWE-78,semgrep,DAST-00530,COMMAND_INJECTION,HIGH,/api/v1/users,"Server returns /etc/passwd content, command injection confirmed at /api/v1/users",CWE-78,owasp-zap,1,0.76,CVE-2022-46470
SAST-00090,SENSITIVE_DATA_EXPOSURE,MEDIUM,api/controllers/admin.py,44,Password or token logged to console in search at line 250,CWE-200,semgrep,DAST-00090,SENSITIVE_DATA_EXPOSURE,LOW,/api/v1/admin,API key visible in HTTP response body at /api/v1/admin,CWE-200,http-scanner,1,0.9,CVE-2021-34640
SAST-01257,HARDCODED_CREDENTIALS,HIGH,api/controllers/search.py,375,"Hardcoded password literal at line 306 in search, should use environment variable",CWE-798,semgrep,DAST-01257,MISSING_SECURITY_HEADERS,LOW,/api/v1/inventory,Content-Security-Policy header absent from HTTP response at /api/v1/inventory,CWE-693,owasp-zap,0,0.25,CVE-2023-13880
SAST-00181,XSS,HIGH,api/controllers/orders.py,450,Jinja2 template renders user input without autoescaping in update_profile at line 373,CWE-79,bandit,DAST-00181,XSS,MEDIUM,/api/v1/orders,Stored XSS confirmed: payload injected via 'id' persists and executes,CWE-79,http-scanner,1,0.91,CVE-2024-93080
SAST-00767,COMMAND_INJECTION,CRITICAL,api/controllers/profile.py,83,"Popen with shell=True and user input 'query', command injection vector in profile",CWE-78,bandit,DAST-00767,COMMAND_INJECTION,HIGH,/api/v1/auth,RCE confirmed: shell command output in response body for parameter 'name',CWE-78,owasp-zap,0,0.31,CVE-2023-94230
SAST-00414,COMMAND_INJECTION,CRITICAL,api/controllers/auth.py,37,exec() invoked with dynamic string from user data in search at line 465,CWE-78,bandit,DAST-00414,SECURITY_MISCONFIG,MEDIUM,/api/v1/auth,Server error reveals internal configuration details at /api/v1/auth,CWE-693,http-scanner,1,0.82,CVE-2023-65000
SAST-00251,OPEN_REDIRECT,MEDIUM,api/controllers/search.py,35,User-controlled URL 'id' used in redirect without domain whitelist at line 61,CWE-601,semgrep,DAST-00251,OPEN_REDIRECT,MEDIUM,/api/v1/search,Open redirect confirmed: server redirects to evil.example.com without validation,CWE-601,owasp-zap,1,0.96,CVE-2021-40070
SAST-00069,SQL_INJECTION,HIGH,api/controllers/search.py,242,Database query uses page directly from request object without parameterized statement,CWE-89,semgrep,DAST-00069,SQL_INJECTION,HIGH,/api/v1/search,Boolean-based blind SQLi detected at parameter 'next' in endpoint /api/v1/search,CWE-89,owasp-zap,1,0.93,CVE-2023-44960
SAST-00131,SENSITIVE_DATA_EXPOSURE,MEDIUM,api/controllers/auth.py,345,PII returned in API response without field filtering in auth,CWE-200,bandit,DAST-00131,SENSITIVE_DATA_EXPOSURE,MEDIUM,/api/v1/auth,Password hash returned in API response at /api/v1/auth without authorization,CWE-200,owasp-zap,1,0.84,CVE-2022-76810
SAST-00300,WEAK_CRYPTO,MEDIUM,api/controllers/payments.py,480,DES encryption detected in payments — use AES-256 instead,CWE-327,semgrep,DAST-00300,INSECURE_TRANSPORT,HIGH,/api/v1/payments,"Sensitive data transmitted in cleartext to /api/v1/payments, no TLS",CWE-319,http-scanner,1,0.86,CVE-2021-13040
SAST-01007,PATH_TRAVERSAL,HIGH,api/controllers/search.py,476,os.path.join with user input 'query' missing path.resolve() in search,CWE-22,bandit,DAST-01007,OPEN_REDIRECT,MEDIUM,/api/v1/users,HTTP 302 redirect to attacker-controlled domain via 'email' parameter,CWE-601,owasp-zap,0,0.28,CVE-2023-60280
SAST-00326,WEAK_CRYPTO,MEDIUM,api/controllers/auth.py,14,"random.random() used for security token generation at line 31, use secrets module",CWE-327,bandit,DAST-00326,INSECURE_TRANSPORT,HIGH,/api/v1/auth,"Sensitive data transmitted in cleartext to /api/v1/auth, no TLS",CWE-319,owasp-zap,1,0.81,CVE-2023-51780
SAST-01270,WEAK_CRYPTO,MEDIUM,api/controllers/payments.py,113,DES encryption detected in payments — use AES-256 instead,CWE-327,semgrep,DAST-01270,CORS_MISCONFIGURATION,HIGH,/api/v1/payments,Server reflects arbitrary Origin header without validation at /api/v1/payments,CWE-942,http-scanner,0,0.05,CVE-2024-44490
SAST-00926,SENSITIVE_DATA_EXPOSURE,LOW,api/controllers/search.py,175,Password or token logged to console in authenticate at line 499,CWE-200,bandit,DAST-00926,COMMAND_INJECTION,CRITICAL,/api/v1/admin,RCE confirmed: shell command output in response body for parameter 'filter',CWE-78,http-scanner,0,0.31,CVE-2024-24590
SAST-00499,SQL_INJECTION,CRITICAL,api/controllers/orders.py,481,"Raw SQL query built with string formatting in handle_data, vulnerable to injection attack",CWE-89,bandit,DAST-00499,SQL_INJECTION,CRITICAL,/api/v1/inventory,Boolean-based blind SQLi detected at parameter 'filter' in endpoint /api/v1/inventory,CWE-89,http-scanner,1,0.8,CVE-2022-26180
SAST-00774,XSS,HIGH,api/controllers/search.py,198,"Unsafe document.write() with request data in search, XSS vector",CWE-79,bandit,DAST-00774,XSS,MEDIUM,/api/v1/admin,Reflected XSS: <script>alert(1)</script> echoed unescaped in response for 'token',CWE-79,http-scanner,0,0.34,CVE-2021-77050
SAST-00364,SENSITIVE_DATA_EXPOSURE,LOW,api/controllers/profile.py,365,Password or token logged to console in process_payment at line 450,CWE-200,semgrep,DAST-00364,INFO_DISCLOSURE,LOW,/api/v1/profile,Server version and framework details exposed in X-Powered-By header,CWE-200,owasp-zap,1,0.77,CVE-2023-18210
SAST-00495,COMMAND_INJECTION,HIGH,api/controllers/auth.py,54,exec() invoked with dynamic string from user data in search at line 164,CWE-78,semgrep,DAST-00495,COMMAND_INJECTION,HIGH,/api/v1/users,"Server returns /etc/passwd content, command injection confirmed at /api/v1/users",CWE-78,http-scanner,1,0.83,CVE-2024-48990
SAST-01210,HARDCODED_CREDENTIALS,HIGH,api/controllers/inventory.py,181,"Hardcoded password literal at line 463 in inventory, should use environment variable",CWE-798,semgrep,DAST-01210,CORS_MISCONFIGURATION,MEDIUM,/api/v1/products,CORS wildcard Access-Control-Allow-Origin: * at /api/v1/products with credentials,CWE-942,owasp-zap,0,0.38,CVE-2024-28330
SAST-00338,WEAK_CRYPTO,MEDIUM,api/controllers/orders.py,425,MD5 hash used for password storage in authenticate — use bcrypt or Argon2,CWE-327,semgrep,DAST-00338,INSECURE_TRANSPORT,HIGH,/api/v1/orders,Endpoint /api/v1/orders served over HTTP without HTTPS redirect,CWE-319,owasp-zap,1,0.77,CVE-2021-72490
SAST-00421,PATH_TRAVERSAL,HIGH,api/controllers/admin.py,197,"File path from request not normalized in get_user, directory traversal possible",CWE-22,bandit,DAST-00421,INFO_DISCLOSURE,LOW,/api/v1/admin,Server version and framework details exposed in X-Powered-By header,CWE-200,owasp-zap,1,0.8,CVE-2022-57490
SAST-00164,OPEN_REDIRECT,MEDIUM,api/controllers/payments.py,208,User-controlled URL 'email' used in redirect without domain whitelist at line 408,CWE-601,bandit,DAST-00164,OPEN_REDIRECT,MEDIUM,/api/v1/payments,HTTP 302 redirect to attacker-controlled domain via 'page' parameter,CWE-601,http-scanner,1,0.87,CVE-2022-15630
SAST-00028,OPEN_REDIRECT,MEDIUM,api/controllers/inventory.py,156,Open redirect: flask/django redirect uses unvalidated 'name' parameter in search,CWE-601,semgrep,DAST-00028,OPEN_REDIRECT,MEDIUM,/api/v1/inventory,Open redirect confirmed: server redirects to evil.example.com without validation,CWE-601,http-scanner,1,0.95,CVE-2022-31200
SAST-00516,COMMAND_INJECTION,CRITICAL,api/controllers/payments.py,465,Command injection risk: subprocess call with user-controlled argument in get_user,CWE-78,semgrep,DAST-00516,COMMAND_INJECTION,HIGH,/api/v1/billing,OS command output detected in HTTP response after injection probe on 'query',CWE-78,owasp-zap,1,0.75,CVE-2023-32960
SAST-00193,OPEN_REDIRECT,MEDIUM,api/controllers/auth.py,17,Open redirect: flask/django redirect uses unvalidated 'id' parameter in get_user,CWE-601,bandit,DAST-00193,OPEN_REDIRECT,MEDIUM,/api/v1/auth,Open redirect confirmed: server redirects to evil.example.com without validation,CWE-601,http-scanner,1,0.89,CVE-2023-93630
SAST-01178,INSECURE_DESERIALIZATION,HIGH,api/controllers/admin.py,173,yaml.load() without Loader argument in update_profile — arbitrary code execution risk,CWE-502,bandit,DAST-01178,RATE_LIMITING,MEDIUM,/api/v1/billing,No rate limit: 15 rapid requests to /api/v1/billing completed without throttling,CWE-770,owasp-zap,0,0.3,CVE-2021-21830
SAST-01075,INSECURE_DESERIALIZATION,HIGH,api/controllers/payments.py,459,Insecure deserialization: pickle.loads() called with user-supplied data at line 261,CWE-502,bandit,DAST-01075,CORS_MISCONFIGURATION,MEDIUM,/api/v1/auth,CORS misconfiguration allows cross-origin reads from attacker domain,CWE-942,owasp-zap,0,0.32,CVE-2023-52910
SAST-00169,COMMAND_INJECTION,CRITICAL,api/controllers/users.py,47,exec() invoked with dynamic string from user data in update_profile at line 239,CWE-78,semgrep,DAST-00169,COMMAND_INJECTION,CRITICAL,/api/v1/users,RCE confirmed: shell command output in response body for parameter 'filter',CWE-78,owasp-zap,1,0.84,CVE-2022-82680
SAST-00916,OPEN_REDIRECT,MEDIUM,api/controllers/profile.py,387,Open redirect: flask/django redirect uses unvalidated 'callback' parameter in search,CWE-601,bandit,DAST-00916,COMMAND_INJECTION,CRITICAL,/api/v1/users,"Server returns /etc/passwd content, command injection confirmed at /api/v1/users",CWE-78,http-scanner,0,0.23,CVE-2024-24670
SAST-00652,OPEN_REDIRECT,MEDIUM,api/controllers/products.py,156,User-controlled URL 'id' used in redirect without domain whitelist at line 66,CWE-601,bandit,DAST-00652,OPEN_REDIRECT,MEDIUM,/api/v1/admin,HTTP 302 redirect to attacker-controlled domain via 'callback' parameter,CWE-601,http-scanner,0,0.47,CVE-2022-89110
SAST-00173,SENSITIVE_DATA_EXPOSURE,MEDIUM,api/controllers/auth.py,341,Password or token logged to console in handle_data at line 65,CWE-200,bandit,DAST-00173,SENSITIVE_DATA_EXPOSURE,LOW,/api/v1/auth,API key visible in HTTP response body at /api/v1/auth,CWE-200,http-scanner,1,0.98,CVE-2022-71940
SAST-00518,SQL_INJECTION,CRITICAL,api/controllers/orders.py,208,Database query uses filter directly from request object without parameterized statement,CWE-89,bandit,DAST-00518,SQL_INJECTION,CRITICAL,/api/v1/inventory,Error-based SQLi: PostgreSQL exception message in response body for 'user_id',CWE-89,owasp-zap,1,0.77,CVE-2023-32400
SAST-01216,HARDCODED_CREDENTIALS,HIGH,api/controllers/users.py,412,API key embedded as string constant in handle_data — rotate and move to secrets manager,CWE-798,semgrep,DAST-01216,RATE_LIMITING,MEDIUM,/api/v1/inventory,"Authentication endpoint /api/v1/inventory lacks rate limiting, brute force possible",CWE-770,owasp-zap,0,0.24,CVE-2024-63080
SAST-01072,INSECURE_DESERIALIZATION,HIGH,api/controllers/auth.py,10,Insecure deserialization: pickle.loads() called with user-supplied data at line 204,CWE-502,semgrep,DAST-01072,SENSITIVE_DATA_EXPOSURE,MEDIUM,/api/v1/orders,API key visible in HTTP response body at /api/v1/orders,CWE-200,http-scanner,0,0.24,CVE-2022-44770
SAST-00491,XSS,MEDIUM,api/controllers/payments.py,403,Jinja2 template renders user input without autoescaping in authenticate at line 267,CWE-79,semgrep,DAST-00491,XSS,MEDIUM,/api/v1/billing,Stored XSS confirmed: payload injected via 'id' persists and executes,CWE-79,owasp-zap,1,0.75,CVE-2023-25060
SAST-00073,SQL_INJECTION,HIGH,api/controllers/orders.py,35,Database query uses token directly from request object without parameterized statement,CWE-89,bandit,DAST-00073,SQL_INJECTION,HIGH,/api/v1/orders,UNION-based injection confirmed at 'token': database rows returned in response,CWE-89,owasp-zap,1,0.96,CVE-2022-72690
SAST-01088,WEAK_CRYPTO,MEDIUM,api/controllers/inventory.py,199,MD5 hash used for password storage in authenticate — use bcrypt or Argon2,CWE-327,semgrep,DAST-01088,BROKEN_AUTH,HIGH,/api/v1/products,"Session not invalidated after logout, token still valid at /api/v1/products",CWE-287,http-scanner,0,0.4,CVE-2023-18280
SAST-00587,SQL_INJECTION,HIGH,api/controllers/orders.py,259,"Raw SQL query built with string formatting in update_profile, vulnerable to injection attack",CWE-89,semgrep,DAST-00587,SQL_INJECTION,HIGH,/api/v1/inventory,UNION-based injection confirmed at 'user_id': database rows returned in response,CWE-89,owasp-zap,1,0.73,CVE-2023-97900
SAST-00657,SENSITIVE_DATA_EXPOSURE,LOW,api/controllers/auth.py,267,PII returned in API response without field filtering in auth,CWE-200,semgrep,DAST-00657,SENSITIVE_DATA_EXPOSURE,LOW,/api/v1/profile,PII data accessible via /api/v1/profile without proper access control,CWE-200,http-scanner,0,0.31,CVE-2021-71130
SAST-00234,SENSITIVE_DATA_EXPOSURE,LOW,api/controllers/auth.py,207,PII returned in API response without field filtering in auth,CWE-200,bandit,DAST-00234,SENSITIVE_DATA_EXPOSURE,LOW,/api/v1/auth,Password hash returned in API response at /api/v1/auth without authorization,CWE-200,http-scanner,1,0.91,CVE-2021-15830
SAST-00732,SENSITIVE_DATA_EXPOSURE,LOW,api/controllers/billing.py,114,PII returned in API response without field filtering in billing,CWE-200,bandit,DAST-00732,SENSITIVE_DATA_EXPOSURE,LOW,/api/v1/inventory,PII data accessible via /api/v1/inventory without proper access control,CWE-200,owasp-zap,0,0.61,CVE-2024-28540
SAST-00214,OPEN_REDIRECT,MEDIUM,api/controllers/inventory.py,261,User-controlled URL 'id' used in redirect without domain whitelist at line 29,CWE-601,bandit,DAST-00214,OPEN_REDIRECT,MEDIUM,/api/v1/inventory,HTTP 302 redirect to attacker-controlled domain via 'id' parameter,CWE-601,http-scanner,1,0.98,CVE-2022-52030
SAST-00162,SQL_INJECTION,HIGH,api/controllers/billing.py,375,Unparameterized cursor.execute() call detected; parameter 'page' not sanitized,CWE-89,bandit,DAST-00162,SQL_INJECTION,HIGH,/api/v1/billing,Error-based SQLi: PostgreSQL exception message in response body for 'filter',CWE-89,http-scanner,1,0.84,CVE-2021-13400
SAST-00132,XSS,MEDIUM,api/controllers/payments.py,336,Jinja2 template renders user input without autoescaping in authenticate at line 129,CWE-79,semgrep,DAST-00132,XSS,HIGH,/api/v1/payments,DOM-based XSS via 'user_id' parameter in endpoint /api/v1/payments,CWE-79,owasp-zap,1,0.98,CVE-2022-23500
SAST-00909,WEAK_CRYPTO,MEDIUM,api/controllers/auth.py,43,MD5 hash used for password storage in update_profile — use bcrypt or Argon2,CWE-327,bandit,DAST-00909,BROKEN_AUTH,HIGH,/api/v1/auth,Endpoint /api/v1/auth accessible without valid session token,CWE-287,owasp-zap,0,0.15,CVE-2024-41960
SAST-01273,PATH_TRAVERSAL,HIGH,api/controllers/products.py,82,"File path from request not normalized in update_profile, directory traversal possible",CWE-22,bandit,DAST-01273,MISSING_SECURITY_HEADERS,LOW,/api/v1/admin,"Strict-Transport-Security missing, HTTP downgrade possible at /api/v1/admin",CWE-693,owasp-zap,0,0.07,CVE-2023-99030
SAST-01068,XSS,MEDIUM,api/controllers/profile.py,451,"Unsafe document.write() with request data in profile, XSS vector",CWE-79,semgrep,DAST-01068,MISSING_SECURITY_HEADERS,LOW,/api/v1/products,"Strict-Transport-Security missing, HTTP downgrade possible at /api/v1/products",CWE-693,owasp-zap,0,0.35,CVE-2022-97020
SAST-00185,OPEN_REDIRECT,MEDIUM,api/controllers/search.py,182,User-controlled URL 'user_id' used in redirect without domain whitelist at line 290,CWE-601,semgrep,DAST-00185,OPEN_REDIRECT,MEDIUM,/api/v1/search,Open redirect confirmed: server redirects to evil.example.com without validation,CWE-601,owasp-zap,1,0.84,CVE-2022-23530
SAST-00041,COMMAND_INJECTION,CRITICAL,api/controllers/orders.py,461,Command injection risk: subprocess call with user-controlled argument in get_user,CWE-78,semgrep,DAST-00041,COMMAND_INJECTION,HIGH,/api/v1/orders,"Server returns /etc/passwd content, command injection confirmed at /api/v1/orders",CWE-78,http-scanner,1,0.86,CVE-2022-89310
SAST-00692,SENSITIVE_DATA_EXPOSURE,LOW,api/controllers/auth.py,347,Credit card number present in debug log output at line 341,CWE-200,bandit,DAST-00692,SENSITIVE_DATA_EXPOSURE,MEDIUM,/api/v1/profile,Password hash returned in API response at /api/v1/profile without authorization,CWE-200,owasp-zap,0,0.44,CVE-2023-82350
SAST-00108,INFO_DISCLOSURE,LOW,api/controllers/search.py,50,Exception stack trace returned to client in search,CWE-200,semgrep,DAST-00108,INFO_DISCLOSURE,MEDIUM,/api/v1/search,Internal IP address and hostname exposed in response headers at /api/v1/search,CWE-200,http-scanner,1,0.9,CVE-2023-61050
SAST-01000,OPEN_REDIRECT,MEDIUM,api/controllers/orders.py,358,Open redirect: flask/django redirect uses unvalidated 'email' parameter in handle_data,CWE-601,semgrep,DAST-01000,BROKEN_AUTH,HIGH,/api/v1/inventory,JWT accepted without signature verification at /api/v1/inventory,CWE-287,http-scanner,0,0.48,CVE-2024-98560
SAST-00568,COMMAND_INJECTION,CRITICAL,api/controllers/payments.py,193,os.system() receives unsanitized request parameter 'id' at line 101,CWE-78,bandit,DAST-00568,COMMAND_INJECTION,HIGH,/api/v1/billing,"Server returns /etc/passwd content, command injection confirmed at /api/v1/billing",CWE-78,owasp-zap,1,0.75,CVE-2023-32060
SAST-00756,XSS,MEDIUM,api/controllers/orders.py,258,"Unsafe document.write() with request data in orders, XSS vector",CWE-79,semgrep,DAST-00756,XSS,MEDIUM,/api/v1/admin,Stored XSS confirmed: payload injected via 'email' persists and executes,CWE-79,owasp-zap,0,0.28,CVE-2021-54080
SAST-01101,WEAK_CRYPTO,MEDIUM,api/controllers/profile.py,143,"random.random() used for security token generation at line 392, use secrets module",CWE-327,semgrep,DAST-01101,RATE_LIMITING,MEDIUM,/api/v1/profile,No rate limit: 15 rapid requests to /api/v1/profile completed without throttling,CWE-770,http-scanner,0,0.1,CVE-2021-69130
SAST-01250,WEAK_CRYPTO,MEDIUM,api/controllers/search.py,155,DES encryption detected in search — use AES-256 instead,CWE-327,semgrep,DAST-01250,RATE_LIMITING,MEDIUM,/api/v1/search,No rate limit: 15 rapid requests to /api/v1/search completed without throttling,CWE-770,http-scanner,0,0.23,CVE-2021-94080
SAST-00483,SQL_INJECTION,HIGH,api/controllers/payments.py,393,"Raw SQL query built with string formatting in process_payment, vulnerable to injection attack",CWE-89,bandit,DAST-00483,SQL_INJECTION,HIGH,/api/v1/billing,SQL error in HTTP response after injection probe on 'token': MySQL syntax error exposed,CWE-89,http-scanner,1,0.79,CVE-2023-45380
SAST-00468,XSS,MEDIUM,api/controllers/auth.py,440,Jinja2 template renders user input without autoescaping in handle_data at line 388,CWE-79,bandit,DAST-00468,XSS,HIGH,/api/v1/users,DOM-based XSS via 'filter' parameter in endpoint /api/v1/users,CWE-79,owasp-zap,1,0.77,CVE-2022-74910
SAST-00024,XSS,HIGH,api/controllers/orders.py,166,"Unsafe document.write() with request data in orders, XSS vector",CWE-79,bandit,DAST-00024,XSS,HIGH,/api/v1/orders,Stored XSS confirmed: payload injected via 'query' persists and executes,CWE-79,http-scanner,1,0.88,CVE-2024-73840
SAST-00851,SENSITIVE_DATA_EXPOSURE,MEDIUM,api/controllers/inventory.py,399,Credit card number present in debug log output at line 470,CWE-200,semgrep,DAST-00851,OPEN_REDIRECT,MEDIUM,/api/v1/admin,HTTP 302 redirect to attacker-controlled domain via 'id' parameter,CWE-601,owasp-zap,0,0.49,CVE-2021-19380
SAST-00792,COMMAND_INJECTION,HIGH,api/controllers/billing.py,349,os.system() receives unsanitized request parameter 'query' at line 180,CWE-78,semgrep,DAST-00792,COMMAND_INJECTION,CRITICAL,/api/v1/search,OS command output detected in HTTP response after injection probe on 'user_id',CWE-78,http-scanner,0,0.28,CVE-2022-16650
SAST-01295,WEAK_CRYPTO,MEDIUM,api/controllers/inventory.py,276,"random.random() used for security token generation at line 63, use secrets module",CWE-327,bandit,DAST-01295,RATE_LIMITING,MEDIUM,/api/v1/payments,"Authentication endpoint /api/v1/payments lacks rate limiting, brute force possible",CWE-770,owasp-zap,0,0.27,CVE-2024-50460
SAST-01099,INFO_DISCLOSURE,LOW,api/controllers/users.py,107,Internal file path exposed in error message at line 438 in authenticate,CWE-200,bandit,DAST-01099,BROKEN_AUTH,HIGH,/api/v1/billing,Endpoint /api/v1/billing accessible without valid session token,CWE-287,owasp-zap,0,0.1,CVE-2021-15310
SAST-00366,SQL_INJECTION,CRITICAL,api/controllers/auth.py,330,Potential SQL injection: user-controlled input passed to database query without sanitization at line 417 in authenticate,CWE-89,semgrep,DAST-00366,INFO_DISCLOSURE,LOW,/api/v1/auth,Internal IP address and hostname exposed in response headers at /api/v1/auth,CWE-200,owasp-zap,1,0.68,CVE-2022-51850
SAST-00989,INFO_DISCLOSURE,MEDIUM,api/controllers/products.py,300,Exception stack trace returned to client in products,CWE-200,bandit,DAST-00989,SQL_INJECTION,HIGH,/api/v1/users,Error-based SQLi: PostgreSQL exception message in response body for 'id',CWE-89,http-scanner,0,0.25,CVE-2024-23220
SAST-01143,PATH_TRAVERSAL,HIGH,api/controllers/profile.py,469,os.path.join with user input 'query' missing path.resolve() in profile,CWE-22,bandit,DAST-01143,MISSING_SECURITY_HEADERS,LOW,/api/v1/search,"Strict-Transport-Security missing, HTTP downgrade possible at /api/v1/search",CWE-693,http-scanner,0,0.21,CVE-2022-15320
SAST-00383,PATH_TRAVERSAL,HIGH,api/controllers/users.py,199,"File path from request not normalized in update_profile, directory traversal possible",CWE-22,bandit,DAST-00383,INFO_DISCLOSURE,LOW,/api/v1/users,Database schema information leaked in error response for malformed request,CWE-200,owasp-zap,1,0.76,CVE-2023-88380
SAST-00734,OPEN_REDIRECT,MEDIUM,api/controllers/profile.py,204,Open redirect: flask/django redirect uses unvalidated 'callback' parameter in handle_data,CWE-601,bandit,DAST-00734,OPEN_REDIRECT,MEDIUM,/api/v1/payments,Open redirect confirmed: server redirects to evil.example.com without validation,CWE-601,http-scanner,0,0.59,CVE-2022-92050
SAST-00717,COMMAND_INJECTION,HIGH,api/controllers/payments.py,188,"Popen with shell=True and user input 'email', command injection vector in payments",CWE-78,semgrep,DAST-00717,COMMAND_INJECTION,HIGH,/api/v1/orders,RCE confirmed: shell command output in response body for parameter 'user_id',CWE-78,http-scanner,0,0.5,CVE-2023-52350
SAST-00454,COMMAND_INJECTION,CRITICAL,api/controllers/auth.py,263,exec() invoked with dynamic string from user data in search at line 312,CWE-78,semgrep,DAST-00454,COMMAND_INJECTION,CRITICAL,/api/v1/users,"Server returns /etc/passwd content, command injection confirmed at /api/v1/users",CWE-78,owasp-zap,1,0.72,CVE-2023-70130
SAST-00264,SENSITIVE_DATA_EXPOSURE,LOW,api/controllers/admin.py,373,Credit card number present in debug log output at line 342,CWE-200,semgrep,DAST-00264,SENSITIVE_DATA_EXPOSURE,LOW,/api/v1/admin,API key visible in HTTP response body at /api/v1/admin,CWE-200,http-scanner,1,0.92,CVE-2024-13590
SAST-00888,SENSITIVE_DATA_EXPOSURE,MEDIUM,api/controllers/products.py,114,Credit card number present in debug log output at line 491,CWE-200,semgrep,DAST-00888,INSECURE_TRANSPORT,HIGH,/api/v1/payments,"Sensitive data transmitted in cleartext to /api/v1/payments, no TLS",CWE-319,http-scanner,0,0.19,CVE-2021-16830
SAST-00232,INFO_DISCLOSURE,LOW,api/controllers/payments.py,458,Internal file path exposed in error message at line 436 in get_user,CWE-200,bandit,DAST-00232,INFO_DISCLOSURE,MEDIUM,/api/v1/payments,Stack trace with internal file paths returned in HTTP 500 response at /api/v1/payments,CWE-200,http-scanner,1,0.88,CVE-2024-44230
SAST-00444,WEAK_CRYPTO,MEDIUM,api/controllers/orders.py,60,DES encryption detected in orders — use AES-256 instead,CWE-327,bandit,DAST-00444,INSECURE_TRANSPORT,HIGH,/api/v1/orders,Endpoint /api/v1/orders served over HTTP without HTTPS redirect,CWE-319,owasp-zap,1,0.86,CVE-2024-70420
SAST-00395,PATH_TRAVERSAL,HIGH,api/controllers/orders.py,276,os.path.join with user input 'user_id' missing path.resolve() in orders,CWE-22,semgrep,DAST-00395,INFO_DISCLOSURE,LOW,/api/v1/orders,Stack trace with internal file paths returned in HTTP 500 response at /api/v1/orders,CWE-200,http-scanner,1,0.7,CVE-2021-78090
SAST-00869,SQL_INJECTION,CRITICAL,api/controllers/admin.py,213,Database query uses query directly from request object without parameterized statement,CWE-89,semgrep,DAST-00869,RATE_LIMITING,MEDIUM,/api/v1/billing,No rate limit: 15 rapid requests to /api/v1/billing completed without throttling,CWE-770,owasp-zap,0,0.31,CVE-2022-99420
SAST-00176,COMMAND_INJECTION,CRITICAL,api/controllers/profile.py,480,os.system() receives unsanitized request parameter 'query' at line 324,CWE-78,bandit,DAST-00176,COMMAND_INJECTION,HIGH,/api/v1/profile,"Server returns /etc/passwd content, command injection confirmed at /api/v1/profile",CWE-78,owasp-zap,1,0.88,CVE-2022-12640
SAST-00018,SENSITIVE_DATA_EXPOSURE,MEDIUM,api/controllers/search.py,485,PII returned in API response without field filtering in search,CWE-200,semgrep,DAST-00018,SENSITIVE_DATA_EXPOSURE,LOW,/api/v1/search,API key visible in HTTP response body at /api/v1/search,CWE-200,http-scanner,1,0.84,CVE-2023-58720
SAST-01139,PATH_TRAVERSAL,HIGH,api/controllers/inventory.py,10,os.path.join with user input 'token' missing path.resolve() in inventory,CWE-22,semgrep,DAST-01139,RATE_LIMITING,MEDIUM,/api/v1/inventory,"Authentication endpoint /api/v1/inventory lacks rate limiting, brute force possible",CWE-770,owasp-zap,0,0.39,CVE-2023-88990
SAST-00825,OPEN_REDIRECT,MEDIUM,api/controllers/auth.py,287,Open redirect: flask/django redirect uses unvalidated 'name' parameter in get_user,CWE-601,semgrep,DAST-00825,OPEN_REDIRECT,MEDIUM,/api/v1/billing,Open redirect confirmed: server redirects to evil.example.com without validation,CWE-601,http-scanner,0,0.54,CVE-2022-47660
SAST-00969,OPEN_REDIRECT,MEDIUM,api/controllers/orders.py,219,Open redirect: flask/django redirect uses unvalidated 'next' parameter in search,CWE-601,bandit,DAST-00969,BROKEN_AUTH,HIGH,/api/v1/products,"Session not invalidated after logout, token still valid at /api/v1/products",CWE-287,owasp-zap,0,0.45,CVE-2024-62120
SAST-00858,PATH_TRAVERSAL,HIGH,api/controllers/billing.py,396,Path traversal: open() called with user-supplied filename 'user_id' at line 220,CWE-22,semgrep,DAST-00858,INFO_DISCLOSURE,MEDIUM,/api/v1/users,Server version and framework details exposed in X-Powered-By header,CWE-200,http-scanner,0,0.33,CVE-2022-82900
SAST-00595,COMMAND_INJECTION,HIGH,api/controllers/payments.py,482,Command injection risk: subprocess call with user-controlled argument in handle_data,CWE-78,bandit,DAST-00595,COMMAND_INJECTION,CRITICAL,/api/v1/billing,RCE confirmed: shell command output in response body for parameter 'name',CWE-78,owasp-zap,1,0.78,CVE-2023-77070
SAST-00061,COMMAND_INJECTION,HIGH,api/controllers/billing.py,446,exec() invoked with dynamic string from user data in handle_data at line 178,CWE-78,semgrep,DAST-00061,COMMAND_INJECTION,CRITICAL,/api/v1/billing,"Server returns /etc/passwd content, command injection confirmed at /api/v1/billing",CWE-78,owasp-zap,1,0.86,CVE-2023-18330
SAST-00272,OPEN_REDIRECT,MEDIUM,api/controllers/auth.py,286,User-controlled URL 'id' used in redirect without domain whitelist at line 380,CWE-601,semgrep,DAST-00272,OPEN_REDIRECT,MEDIUM,/api/v1/auth,Open redirect confirmed: server redirects to evil.example.com without validation,CWE-601,http-scanner,1,0.91,CVE-2021-72880
SAST-01221,INSECURE_DESERIALIZATION,HIGH,api/controllers/inventory.py,303,marshal.loads() on user-controlled bytes in inventory at line 180,CWE-502,bandit,DAST-01221,MISSING_SECURITY_HEADERS,MEDIUM,/api/v1/admin,Content-Security-Policy header absent from HTTP response at /api/v1/admin,CWE-693,http-scanner,0,0.25,CVE-2023-90220
SAST-00278,XSS,MEDIUM,api/controllers/users.py,325,dangerouslySetInnerHTML used without sanitization at line 437 in users,CWE-79,bandit,DAST-00278,XSS,MEDIUM,/api/v1/users,Stored XSS confirmed: payload injected via 'next' persists and executes,CWE-79,owasp-zap,1,0.87,CVE-2021-54140
SAST-00991,PATH_TRAVERSAL,HIGH,api/controllers/users.py,316,"File path from request not normalized in update_profile, directory traversal possible",CWE-22,bandit,DAST-00991,INFO_DISCLOSURE,LOW,/api/v1/auth,Stack trace with internal file paths returned in HTTP 500 response at /api/v1/auth,CWE-200,owasp-zap,0,0.31,CVE-2024-62860
SAST-00694,COMMAND_INJECTION,CRITICAL,api/controllers/products.py,106,os.system() receives unsanitized request parameter 'callback' at line 45,CWE-78,bandit,DAST-00694,COMMAND_INJECTION,CRITICAL,/api/v1/inventory,RCE confirmed: shell command output in response body for parameter 'query',CWE-78,owasp-zap,0,0.44,CVE-2021-80230
SAST-00368,SENSITIVE_DATA_EXPOSURE,MEDIUM,api/controllers/admin.py,479,Credit card number present in debug log output at line 252,CWE-200,semgrep,DAST-00368,INFO_DISCLOSURE,MEDIUM,/api/v1/admin,Server version and framework details exposed in X-Powered-By header,CWE-200,http-scanner,1,0.83,CVE-2024-11280
SAST-01196,PATH_TRAVERSAL,HIGH,api/controllers/payments.py,259,Path traversal: open() called with user-supplied filename 'id' at line 301,CWE-22,bandit,DAST-01196,MISSING_SECURITY_HEADERS,MEDIUM,/api/v1/products,"Strict-Transport-Security missing, HTTP downgrade possible at /api/v1/products",CWE-693,owasp-zap,0,0.24,CVE-2024-27850
SAST-00036,SQL_INJECTION,CRITICAL,api/controllers/search.py,118,"Dynamic SQL constructed via f-string concatenation at line 242, inject risk in search",CWE-89,semgrep,DAST-00036,SQL_INJECTION,CRITICAL,/api/v1/search,Boolean-based blind SQLi detected at parameter 'next' in endpoint /api/v1/search,CWE-89,owasp-zap,1,0.95,CVE-2021-44130
SAST-00735,INFO_DISCLOSURE,MEDIUM,api/controllers/orders.py,453,Exception stack trace returned to client in orders,CWE-200,bandit,DAST-00735,INFO_DISCLOSURE,MEDIUM,/api/v1/payments,Internal IP address and hostname exposed in response headers at /api/v1/payments,CWE-200,http-scanner,0,0.47,CVE-2024-80070
SAST-00963,INSECURE_DESERIALIZATION,HIGH,api/controllers/profile.py,210,yaml.load() without Loader argument in handle_data — arbitrary code execution risk,CWE-502,semgrep,DAST-00963,SENSITIVE_DATA_EXPOSURE,LOW,/api/v1/inventory,PII data accessible via /api/v1/inventory without proper access control,CWE-200,http-scanner,0,0.13,CVE-2023-76780
SAST-01089,SQL_INJECTION,CRITICAL,api/controllers/payments.py,331,"Raw SQL query built with string formatting in authenticate, vulnerable to injection attack",CWE-89,bandit,DAST-01089,BROKEN_AUTH,HIGH,/api/v1/auth,JWT accepted without signature verification at /api/v1/auth,CWE-287,http-scanner,0,0.32,CVE-2022-96370
SAST-01258,PATH_TRAVERSAL,HIGH,api/controllers/payments.py,341,Path traversal: open() called with user-supplied filename 'next' at line 349,CWE-22,semgrep,DAST-01258,INSECURE_TRANSPORT,HIGH,/api/v1/auth,"Sensitive data transmitted in cleartext to /api/v1/auth, no TLS",CWE-319,owasp-zap,0,0.34,CVE-2021-48300
SAST-00905,WEAK_CRYPTO,MEDIUM,api/controllers/orders.py,159,DES encryption detected in orders — use AES-256 instead,CWE-327,semgrep,DAST-00905,SENSITIVE_DATA_EXPOSURE,MEDIUM,/api/v1/payments,API key visible in HTTP response body at /api/v1/payments,CWE-200,owasp-zap,0,0.3,CVE-2024-81070
SAST-00547,XSS,HIGH,api/controllers/auth.py,132,User input 'user_id' reflected in HTML template without output encoding in process_payment,CWE-79,semgrep,DAST-00547,XSS,MEDIUM,/api/v1/users,Reflected XSS: <script>alert(1)</script> echoed unescaped in response for 'token',CWE-79,owasp-zap,1,0.77,CVE-2023-75270
SAST-01175,WEAK_CRYPTO,MEDIUM,api/controllers/payments.py,293,"random.random() used for security token generation at line 447, use secrets module",CWE-327,semgrep,DAST-01175,BROKEN_AUTH,HIGH,/api/v1/users,Endpoint /api/v1/users accessible without valid session token,CWE-287,http-scanner,0,0.39,CVE-2021-87180
SAST-00688,SENSITIVE_DATA_EXPOSURE,MEDIUM,api/controllers/search.py,214,PII returned in API response without field filtering in search,CWE-200,semgrep,DAST-00688,SENSITIVE_DATA_EXPOSURE,LOW,/api/v1/admin,API key visible in HTTP response body at /api/v1/admin,CWE-200,http-scanner,0,0.57,CVE-2021-89560
SAST-00738,SQL_INJECTION,CRITICAL,api/controllers/profile.py,336,Unparameterized cursor.execute() call detected; parameter 'token' not sanitized,CWE-89,semgrep,DAST-00738,SQL_INJECTION,HIGH,/api/v1/payments,SQL error in HTTP response after injection probe on 'email': MySQL syntax error exposed,CWE-89,http-scanner,0,0.6,CVE-2024-28640
SAST-00191,INFO_DISCLOSURE,LOW,api/controllers/billing.py,444,Exception stack trace returned to client in billing,CWE-200,bandit,DAST-00191,INFO_DISCLOSURE,MEDIUM,/api/v1/billing,Server version and framework details exposed in X-Powered-By header,CWE-200,owasp-zap,1,0.9,CVE-2021-83880
SAST-00456,SQL_INJECTION,HIGH,api/controllers/auth.py,476,Unparameterized cursor.execute() call detected; parameter 'page' not sanitized,CWE-89,bandit,DAST-00456,SQL_INJECTION,HIGH,/api/v1/users,Boolean-based blind SQLi detected at parameter 'filter' in endpoint /api/v1/users,CWE-89,owasp-zap,1,0.76,CVE-2024-16870
SAST-00393,PATH_TRAVERSAL,HIGH,api/controllers/profile.py,392,"File path from request not normalized in update_profile, directory traversal possible",CWE-22,semgrep,DAST-00393,INFO_DISCLOSURE,MEDIUM,/api/v1/profile,Internal IP address and hostname exposed in response headers at /api/v1/profile,CWE-200,http-scanner,1,0.68,CVE-2024-34130
SAST-00675,SENSITIVE_DATA_EXPOSURE,LOW,api/controllers/users.py,233,PII returned in API response without field filtering in users,CWE-200,bandit,DAST-00675,SENSITIVE_DATA_EXPOSURE,MEDIUM,/api/v1/inventory,API key visible in HTTP response body at /api/v1/inventory,CWE-200,owasp-zap,0,0.6,CVE-2022-53530
SAST-00760,OPEN_REDIRECT,MEDIUM,api/controllers/payments.py,220,User-controlled URL 'callback' used in redirect without domain whitelist at line 210,CWE-601,semgrep,DAST-00760,OPEN_REDIRECT,MEDIUM,/api/v1/products,Open redirect confirmed: server redirects to evil.example.com without validation,CWE-601,http-scanner,0,0.5,CVE-2021-39900
SAST-01279,INSECURE_DESERIALIZATION,CRITICAL,api/controllers/products.py,393,yaml.load() without Loader argument in handle_data — arbitrary code execution risk,CWE-502,semgrep,DAST-01279,BROKEN_AUTH,HIGH,/api/v1/users,Endpoint /api/v1/users accessible without valid session token,CWE-287,owasp-zap,0,0.3,CVE-2024-25810
SAST-00728,INFO_DISCLOSURE,MEDIUM,api/controllers/billing.py,36,Internal file path exposed in error message at line 208 in search,CWE-200,semgrep,DAST-00728,INFO_DISCLOSURE,LOW,/api/v1/profile,Internal IP address and hostname exposed in response headers at /api/v1/profile,CWE-200,http-scanner,0,0.4,CVE-2023-54870
SAST-00419,COMMAND_INJECTION,CRITICAL,api/controllers/profile.py,247,Command injection risk: subprocess call with user-controlled argument in get_user,CWE-78,bandit,DAST-00419,SECURITY_MISCONFIG,MEDIUM,/api/v1/profile,Server error reveals internal configuration details at /api/v1/profile,CWE-693,owasp-zap,1,0.75,CVE-2023-48170
SAST-00375,WEAK_CRYPTO,MEDIUM,api/controllers/orders.py,169,MD5 hash used for password storage in process_payment — use bcrypt or Argon2,CWE-327,semgrep,DAST-00375,INSECURE_TRANSPORT,HIGH,/api/v1/orders,Endpoint /api/v1/orders served over HTTP without HTTPS redirect,CWE-319,owasp-zap,1,0.75,CVE-2021-66430
SAST-00412,COMMAND_INJECTION,CRITICAL,api/controllers/products.py,325,"Popen with shell=True and user input 'id', command injection vector in products",CWE-78,bandit,DAST-00412,SECURITY_MISCONFIG,MEDIUM,/api/v1/products,HTTP 500 with verbose error message and stack trace at /api/v1/products,CWE-693,owasp-zap,1,0.69,CVE-2022-74200
SAST-00074,COMMAND_INJECTION,CRITICAL,api/controllers/users.py,449,Command injection risk: subprocess call with user-controlled argument in get_user,CWE-78,semgrep,DAST-00074,COMMAND_INJECTION,HIGH,/api/v1/users,OS command output detected in HTTP response after injection probe on 'user_id',CWE-78,owasp-zap,1,0.88,CVE-2022-75930
SAST-01217,HARDCODED_CREDENTIALS,HIGH,api/controllers/products.py,380,"Hardcoded password literal at line 169 in products, should use environment variable",CWE-798,semgrep,DAST-01217,INSECURE_TRANSPORT,HIGH,/api/v1/search,Endpoint /api/v1/search served over HTTP without HTTPS redirect,CWE-319,owasp-zap,0,0.3,CVE-2023-14630
SAST-01018,HARDCODED_CREDENTIALS,HIGH,api/controllers/products.py,151,"Hardcoded password literal at line 67 in products, should use environment variable",CWE-798,bandit,DAST-01018,CORS_MISCONFIGURATION,MEDIUM,/api/v1/auth,CORS misconfiguration allows cross-origin reads from attacker domain,CWE-942,owasp-zap,0,0.27,CVE-2022-16320
SAST-00500,COMMAND_INJECTION,HIGH,api/controllers/auth.py,351,"Popen with shell=True and user input 'user_id', command injection vector in auth",CWE-78,bandit,DAST-00500,COMMAND_INJECTION,CRITICAL,/api/v1/users,OS command output detected in HTTP response after injection probe on 'next',CWE-78,http-scanner,1,0.73,CVE-2021-40830
SAST-00943,SENSITIVE_DATA_EXPOSURE,MEDIUM,api/controllers/orders.py,51,Credit card number present in debug log output at line 431,CWE-200,bandit,DAST-00943,RATE_LIMITING,MEDIUM,/api/v1/inventory,No rate limit: 15 rapid requests to /api/v1/inventory completed without throttling,CWE-770,owasp-zap,0,0.37,CVE-2023-49470
SAST-00616,SENSITIVE_DATA_EXPOSURE,MEDIUM,api/controllers/orders.py,103,Credit card number present in debug log output at line 234,CWE-200,semgrep,DAST-00616,SENSITIVE_DATA_EXPOSURE,MEDIUM,/api/v1/profile,PII data accessible via /api/v1/profile without proper access control,CWE-200,http-scanner,0,0.5,CVE-2021-66970
SAST-00114,XSS,MEDIUM,api/controllers/orders.py,194,"Unsafe document.write() with request data in orders, XSS vector",CWE-79,semgrep,DAST-00114,XSS,MEDIUM,/api/v1/orders,Stored XSS confirmed: payload injected via 'callback' persists and executes,CWE-79,http-scanner,1,0.91,CVE-2023-98320
SAST-00417,COMMAND_INJECTION,CRITICAL,api/controllers/orders.py,306,"Popen with shell=True and user input 'user_id', command injection vector in orders",CWE-78,bandit,DAST-00417,SECURITY_MISCONFIG,MEDIUM,/api/v1/orders,Server error reveals internal configuration details at /api/v1/orders,CWE-693,owasp-zap,1,0.76,CVE-2023-88420
SAST-00601,OPEN_REDIRECT,MEDIUM,api/controllers/products.py,366,User-controlled URL 'email' used in redirect without domain whitelist at line 482,CWE-601,semgrep,DAST-00601,OPEN_REDIRECT,MEDIUM,/api/v1/auth,HTTP 302 redirect to attacker-controlled domain via 'id' parameter,CWE-601,http-scanner,0,0.44,CVE-2022-27270
SAST-00604,OPEN_REDIRECT,MEDIUM,api/controllers/profile.py,407,Open redirect: flask/django redirect uses unvalidated 'query' parameter in handle_data,CWE-601,semgrep,DAST-00604,OPEN_REDIRECT,MEDIUM,/api/v1/search,Open redirect confirmed: server redirects to evil.example.com without validation,CWE-601,http-scanner,0,0.28,CVE-2021-86430
SAST-00982,INFO_DISCLOSURE,MEDIUM,api/controllers/profile.py,44,Internal file path exposed in error message at line 190 in process_payment,CWE-200,semgrep,DAST-00982,OPEN_REDIRECT,MEDIUM,/api/v1/inventory,HTTP 302 redirect to attacker-controlled domain via 'email' parameter,CWE-601,http-scanner,0,0.11,CVE-2024-73910
SAST-00089,XSS,HIGH,api/controllers/auth.py,111,dangerouslySetInnerHTML used without sanitization at line 98 in auth,CWE-79,bandit,DAST-00089,XSS,HIGH,/api/v1/auth,Stored XSS confirmed: payload injected via 'name' persists and executes,CWE-79,http-scanner,1,0.94,CVE-2023-41810
SAST-00970,COMMAND_INJECTION,HIGH,api/controllers/admin.py,265,"Popen with shell=True and user input 'callback', command injection vector in admin",CWE-78,semgrep,DAST-00970,OPEN_REDIRECT,MEDIUM,/api/v1/billing,HTTP 302 redirect to attacker-controlled domain via 'query' parameter,CWE-601,http-scanner,0,0.15,CVE-2023-94760
SAST-01244,HARDCODED_CREDENTIALS,HIGH,api/controllers/profile.py,154,API key embedded as string constant in handle_data — rotate and move to secrets manager,CWE-798,semgrep,DAST-01244,RATE_LIMITING,MEDIUM,/api/v1/profile,No rate limit: 15 rapid requests to /api/v1/profile completed without throttling,CWE-770,http-scanner,0,0.19,CVE-2023-32620
SAST-00753,XSS,MEDIUM,api/controllers/payments.py,13,Jinja2 template renders user input without autoescaping in authenticate at line 260,CWE-79,bandit,DAST-00753,XSS,HIGH,/api/v1/auth,DOM-based XSS via 'email' parameter in endpoint /api/v1/auth,CWE-79,owasp-zap,0,0.56,CVE-2023-23290
SAST-00498,COMMAND_INJECTION,HIGH,api/controllers/payments.py,263,exec() invoked with dynamic string from user data in handle_data at line 328,CWE-78,semgrep,DAST-00498,COMMAND_INJECTION,CRITICAL,/api/v1/billing,RCE confirmed: shell command output in response body for parameter 'page',CWE-78,owasp-zap,1,0.76,CVE-2024-27120
SAST-01029,HARDCODED_CREDENTIALS,HIGH,api/controllers/admin.py,294,API key embedded as string constant in get_user — rotate and move to secrets manager,CWE-798,bandit,DAST-01029,XSS,HIGH,/api/v1/billing,Reflected XSS: <script>alert(1)</script> echoed unescaped in response for 'user_id',CWE-79,owasp-zap,0,0.39,CVE-2022-37560
SAST-01035,SQL_INJECTION,HIGH,api/controllers/admin.py,433,Database query uses callback directly from request object without parameterized statement,CWE-89,semgrep,DAST-01035,INSECURE_TRANSPORT,HIGH,/api/v1/orders,Endpoint /api/v1/orders served over HTTP without HTTPS redirect,CWE-319,owasp-zap,0,0.34,CVE-2021-56810
SAST-01033,SQL_INJECTION,HIGH,api/controllers/billing.py,110,"Raw SQL query built with string formatting in process_payment, vulnerable to injection attack",CWE-89,semgrep,DAST-01033,INSECURE_TRANSPORT,HIGH,/api/v1/auth,Endpoint /api/v1/auth served over HTTP without HTTPS redirect,CWE-319,owasp-zap,0,0.32,CVE-2023-88600
SAST-00011,COMMAND_INJECTION,HIGH,api/controllers/payments.py,13,os.system() receives unsanitized request parameter 'id' at line 46,CWE-78,bandit,DAST-00011,COMMAND_INJECTION,HIGH,/api/v1/payments,OS command output detected in HTTP response after injection probe on 'query',CWE-78,owasp-zap,1,0.87,CVE-2024-58120
SAST-00396,PATH_TRAVERSAL,HIGH,api/controllers/admin.py,138,Path traversal: open() called with user-supplied filename 'id' at line 108,CWE-22,bandit,DAST-00396,INFO_DISCLOSURE,LOW,/api/v1/admin,Stack trace with internal file paths returned in HTTP 500 response at /api/v1/admin,CWE-200,owasp-zap,1,0.7,CVE-2021-95130
SAST-00977,PATH_TRAVERSAL,HIGH,api/controllers/admin.py,246,os.path.join with user input 'user_id' missing path.resolve() in admin,CWE-22,bandit,DAST-00977,INFO_DISCLOSURE,LOW,/api/v1/orders,Server version and framework details exposed in X-Powered-By header,CWE-200,owasp-zap,0,0.2,CVE-2024-86610
SAST-00555,XSS,HIGH,api/controllers/orders.py,344,Cross-site scripting risk: innerHTML assignment with user-controlled content in get_user,CWE-79,bandit,DAST-00555,XSS,MEDIUM,/api/v1/inventory,Stored XSS confirmed: payload injected via 'email' persists and executes,CWE-79,http-scanner,1,0.79,CVE-2024-42380
SAST-00042,COMMAND_INJECTION,HIGH,api/controllers/search.py,274,"Popen with shell=True and user input 'query', command injection vector in search",CWE-78,bandit,DAST-00042,COMMAND_INJECTION,CRITICAL,/api/v1/search,RCE confirmed: shell command output in response body for parameter 'token',CWE-78,http-scanner,1,0.93,CVE-2024-61660
SAST-00167,OPEN_REDIRECT,MEDIUM,api/controllers/admin.py,173,Open redirect: flask/django redirect uses unvalidated 'next' parameter in handle_data,CWE-601,bandit,DAST-00167,OPEN_REDIRECT,MEDIUM,/api/v1/admin,Open redirect confirmed: server redirects to evil.example.com without validation,CWE-601,owasp-zap,1,0.98,CVE-2022-50940
SAST-00416,COMMAND_INJECTION,HIGH,api/controllers/search.py,305,os.system() receives unsanitized request parameter 'query' at line 293,CWE-78,semgrep,DAST-00416,SECURITY_MISCONFIG,MEDIUM,/api/v1/search,Server error reveals internal configuration details at /api/v1/search,CWE-693,http-scanner,1,0.68,CVE-2024-20560
SAST-00576,COMMAND_INJECTION,HIGH,api/controllers/payments.py,443,Command injection risk: subprocess call with user-controlled argument in process_payment,CWE-78,bandit,DAST-00576,COMMAND_INJECTION,HIGH,/api/v1/billing,OS command output detected in HTTP response after injection probe on 'token',CWE-78,owasp-zap,1,0.78,CVE-2023-80010
SAST-00267,XSS,MEDIUM,api/controllers/inventory.py,484,User input 'callback' reflected in HTML template without output encoding in search,CWE-79,semgrep,DAST-00267,XSS,MEDIUM,/api/v1/inventory,Reflected XSS: <script>alert(1)</script> echoed unescaped in response for 'token',CWE-79,http-scanner,1,0.96,CVE-2023-71000
SAST-00950,WEAK_CRYPTO,MEDIUM,api/controllers/users.py,366,"random.random() used for security token generation at line 299, use secrets module",CWE-327,bandit,DAST-00950,OPEN_REDIRECT,MEDIUM,/api/v1/search,HTTP 302 redirect to attacker-controlled domain via 'page' parameter,CWE-601,owasp-zap,0,0.1,CVE-2023-47190
SAST-00426,WEAK_CRYPTO,MEDIUM,api/controllers/profile.py,300,"random.random() used for security token generation at line 77, use secrets module",CWE-327,semgrep,DAST-00426,INSECURE_TRANSPORT,HIGH,/api/v1/profile,Endpoint /api/v1/profile served over HTTP without HTTPS redirect,CWE-319,owasp-zap,1,0.75,CVE-2024-38790
SAST-00690,INFO_DISCLOSURE,LOW,api/controllers/payments.py,66,Exception stack trace returned to client in payments,CWE-200,semgrep,DAST-00690,INFO_DISCLOSURE,MEDIUM,/api/v1/auth,Database schema information leaked in error response for malformed request,CWE-200,owasp-zap,0,0.48,CVE-2021-88570
SAST-00544,COMMAND_INJECTION,CRITICAL,api/controllers/auth.py,329,os.system() receives unsanitized request parameter 'next' at line 119,CWE-78,semgrep,DAST-00544,COMMAND_INJECTION,CRITICAL,/api/v1/users,RCE confirmed: shell command output in response body for parameter 'user_id',CWE-78,owasp-zap,1,0.75,CVE-2021-58320
SAST-01218,PATH_TRAVERSAL,HIGH,api/controllers/admin.py,196,os.path.join with user input 'token' missing path.resolve() in admin,CWE-22,bandit,DAST-01218,CORS_MISCONFIGURATION,MEDIUM,/api/v1/search,CORS wildcard Access-Control-Allow-Origin: * at /api/v1/search with credentials,CWE-942,owasp-zap,0,0.08,CVE-2023-69750
SAST-00674,INFO_DISCLOSURE,LOW,api/controllers/billing.py,302,Exception stack trace returned to client in billing,CWE-200,semgrep,DAST-00674,INFO_DISCLOSURE,MEDIUM,/api/v1/products,Server version and framework details exposed in X-Powered-By header,CWE-200,http-scanner,0,0.32,CVE-2023-85860
SAST-00689,COMMAND_INJECTION,HIGH,api/controllers/billing.py,34,Command injection risk: subprocess call with user-controlled argument in authenticate,CWE-78,bandit,DAST-00689,COMMAND_INJECTION,CRITICAL,/api/v1/users,"Server returns /etc/passwd content, command injection confirmed at /api/v1/users",CWE-78,owasp-zap,0,0.53,CVE-2023-71740
SAST-01146,WEAK_CRYPTO,MEDIUM,api/controllers/profile.py,366,"random.random() used for security token generation at line 485, use secrets module",CWE-327,semgrep,DAST-01146,MISSING_SECURITY_HEADERS,MEDIUM,/api/v1/auth,Content-Security-Policy header absent from HTTP response at /api/v1/auth,CWE-693,owasp-zap,0,0.34,CVE-2024-92460
SAST-01272,PATH_TRAVERSAL,HIGH,api/controllers/orders.py,222,Path traversal: open() called with user-supplied filename 'user_id' at line 129,CWE-22,semgrep,DAST-01272,BROKEN_AUTH,HIGH,/api/v1/profile,JWT accepted without signature verification at /api/v1/profile,CWE-287,http-scanner,0,0.25,CVE-2021-21490
SAST-00159,XSS,HIGH,api/controllers/orders.py,148,Jinja2 template renders user input without autoescaping in authenticate at line 33,CWE-79,bandit,DAST-00159,XSS,HIGH,/api/v1/orders,Stored XSS confirmed: payload injected via 'name' persists and executes,CWE-79,owasp-zap,1,0.95,CVE-2023-91020
SAST-01036,COMMAND_INJECTION,CRITICAL,api/controllers/inventory.py,245,Command injection risk: subprocess call with user-controlled argument in handle_data,CWE-78,semgrep,DAST-01036,SENSITIVE_DATA_EXPOSURE,LOW,/api/v1/payments,Password hash returned in API response at /api/v1/payments without authorization,CWE-200,owasp-zap,0,0.12,CVE-2022-28080
SAST-00257,OPEN_REDIRECT,MEDIUM,api/controllers/orders.py,237,Open redirect: flask/django redirect uses unvalidated 'next' parameter in update_profile,CWE-601,bandit,DAST-00257,OPEN_REDIRECT,MEDIUM,/api/v1/orders,Open redirect confirmed: server redirects to evil.example.com without validation,CWE-601,owasp-zap,1,0.84,CVE-2024-10230
SAST-00997,PATH_TRAVERSAL,HIGH,api/controllers/payments.py,210,"File path from request not normalized in process_payment, directory traversal possible",CWE-22,bandit,DAST-00997,COMMAND_INJECTION,CRITICAL,/api/v1/payments,"Server returns /etc/passwd content, command injection confirmed at /api/v1/payments",CWE-78,http-scanner,0,0.41,CVE-2023-42060
SAST-00335,SQL_INJECTION,CRITICAL,api/controllers/users.py,268,"Raw SQL query built with string formatting in handle_data, vulnerable to injection attack",CWE-89,semgrep,DAST-00335,INFO_DISCLOSURE,MEDIUM,/api/v1/users,Database schema information leaked in error response for malformed request,CWE-200,http-scanner,1,0.83,CVE-2024-22190
SAST-01046,SQL_INJECTION,CRITICAL,api/controllers/payments.py,203,Potential SQL injection: user-controlled input passed to database query without sanitization at line 167 in search,CWE-89,semgrep,DAST-01046,BROKEN_AUTH,HIGH,/api/v1/inventory,"Session not invalidated after logout, token still valid at /api/v1/inventory",CWE-287,http-scanner,0,0.18,CVE-2024-68310
SAST-00015,OPEN_REDIRECT,MEDIUM,api/controllers/payments.py,484,User-controlled URL 'page' used in redirect without domain whitelist at line 411,CWE-601,semgrep,DAST-00015,OPEN_REDIRECT,MEDIUM,/api/v1/payments,Open redirect confirmed: server redirects to evil.example.com without validation,CWE-601,owasp-zap,1,0.92,CVE-2024-95330
SAST-00515,SQL_INJECTION,CRITICAL,api/controllers/auth.py,30,Unparameterized cursor.execute() call detected; parameter 'query' not sanitized,CWE-89,semgrep,DAST-00515,SQL_INJECTION,CRITICAL,/api/v1/users,Boolean-based blind SQLi detected at parameter 'next' in endpoint /api/v1/users,CWE-89,owasp-zap,1,0.8,CVE-2022-13150
SAST-00324,COMMAND_INJECTION,CRITICAL,api/controllers/payments.py,386,os.system() receives unsanitized request parameter 'email' at line 404,CWE-78,bandit,DAST-00324,SECURITY_MISCONFIG,MEDIUM,/api/v1/payments,Server error reveals internal configuration details at /api/v1/payments,CWE-693,owasp-zap,1,0.8,CVE-2021-37640
SAST-00768,INFO_DISCLOSURE,LOW,api/controllers/profile.py,402,Internal file path exposed in error message at line 262 in process_payment,CWE-200,semgrep,DAST-00768,INFO_DISCLOSURE,LOW,/api/v1/billing,Database schema information leaked in error response for malformed request,CWE-200,http-scanner,0,0.58,CVE-2022-95730
SAST-00607,SENSITIVE_DATA_EXPOSURE,LOW,api/controllers/auth.py,102,Credit card number present in debug log output at line 451,CWE-200,bandit,DAST-00607,SENSITIVE_DATA_EXPOSURE,MEDIUM,/api/v1/admin,API key visible in HTTP response body at /api/v1/admin,CWE-200,owasp-zap,0,0.32,CVE-2022-55150
SAST-01144,HARDCODED_CREDENTIALS,HIGH,api/controllers/auth.py,221,API key embedded as string constant in authenticate — rotate and move to secrets manager,CWE-798,semgrep,DAST-01144,RATE_LIMITING,MEDIUM,/api/v1/billing,No rate limit: 15 rapid requests to /api/v1/billing completed without throttling,CWE-770,http-scanner,0,0.27,CVE-2024-92840
SAST-01027,SQL_INJECTION,HIGH,api/controllers/billing.py,153,"Dynamic SQL constructed via f-string concatenation at line 339, inject risk in billing",CWE-89,bandit,DAST-01027,MISSING_SECURITY_HEADERS,LOW,/api/v1/auth,"X-Frame-Options not set, clickjacking attack vector exists at /api/v1/auth",CWE-693,http-scanner,0,0.41,CVE-2024-91850
SAST-01208,INSECURE_DESERIALIZATION,HIGH,api/controllers/search.py,384,marshal.loads() on user-controlled bytes in search at line 77,CWE-502,bandit,DAST-01208,BROKEN_AUTH,HIGH,/api/v1/auth,JWT accepted without signature verification at /api/v1/auth,CWE-287,owasp-zap,0,0.29,CVE-2021-18540
SAST-00222,COMMAND_INJECTION,HIGH,api/controllers/search.py,59,"Popen with shell=True and user input 'name', command injection vector in search",CWE-78,semgrep,DAST-00222,COMMAND_INJECTION,HIGH,/api/v1/search,OS command output detected in HTTP response after injection probe on 'callback',CWE-78,owasp-zap,1,0.87,CVE-2024-54780
SAST-00179,XSS,HIGH,api/controllers/search.py,125,Cross-site scripting risk: innerHTML assignment with user-controlled content in process_payment,CWE-79,semgrep,DAST-00179,XSS,MEDIUM,/api/v1/search,XSS probe reflected in HTTP 200 response without Content-Security-Policy,CWE-79,http-scanner,1,0.91,CVE-2021-37260
SAST-00906,HARDCODED_CREDENTIALS,HIGH,api/controllers/admin.py,342,"Hardcoded password literal at line 132 in admin, should use environment variable",CWE-798,semgrep,DAST-00906,COMMAND_INJECTION,CRITICAL,/api/v1/profile,"Server returns /etc/passwd content, command injection confirmed at /api/v1/profile",CWE-78,owasp-zap,0,0.22,CVE-2021-30560
SAST-00099,SQL_INJECTION,HIGH,api/controllers/search.py,149,Potential SQL injection: user-controlled input passed to database query without sanitization at line 240 in update_profile,CWE-89,semgrep,DAST-00099,SQL_INJECTION,HIGH,/api/v1/search,SQL error in HTTP response after injection probe on 'filter': MySQL syntax error exposed,CWE-89,owasp-zap,1,0.89,CVE-2023-89820
SAST-00836,COMMAND_INJECTION,CRITICAL,api/controllers/admin.py,319,"Popen with shell=True and user input 'user_id', command injection vector in admin",CWE-78,bandit,DAST-00836,COMMAND_INJECTION,CRITICAL,/api/v1/orders,RCE confirmed: shell command output in response body for parameter 'next',CWE-78,owasp-zap,0,0.56,CVE-2021-49500
SAST-00757,OPEN_REDIRECT,MEDIUM,api/controllers/inventory.py,224,Open redirect: flask/django redirect uses unvalidated 'name' parameter in process_payment,CWE-601,semgrep,DAST-00757,OPEN_REDIRECT,MEDIUM,/api/v1/search,HTTP 302 redirect to attacker-controlled domain via 'user_id' parameter,CWE-601,http-scanner,0,0.57,CVE-2023-21440
SAST-00521,XSS,HIGH,api/controllers/payments.py,22,dangerouslySetInnerHTML used without sanitization at line 450 in payments,CWE-79,semgrep,DAST-00521,XSS,MEDIUM,/api/v1/billing,DOM-based XSS via 'email' parameter in endpoint /api/v1/billing,CWE-79,owasp-zap,1,0.74,CVE-2022-39710
SAST-00761,COMMAND_INJECTION,HIGH,api/controllers/profile.py,284,os.system() receives unsanitized request parameter 'query' at line 115,CWE-78,semgrep,DAST-00761,COMMAND_INJECTION,HIGH,/api/v1/products,OS command output detected in HTTP response after injection probe on 'id',CWE-78,http-scanner,0,0.31,CVE-2023-48420
SAST-00022,OPEN_REDIRECT,MEDIUM,api/controllers/users.py,196,Open redirect: flask/django redirect uses unvalidated 'filter' parameter in authenticate,CWE-601,bandit,DAST-00022,OPEN_REDIRECT,MEDIUM,/api/v1/users,HTTP 302 redirect to attacker-controlled domain via 'callback' parameter,CWE-601,owasp-zap,1,0.98,CVE-2022-75140
SAST-00356,SQL_INJECTION,HIGH,api/controllers/inventory.py,107,"Dynamic SQL constructed via f-string concatenation at line 159, inject risk in inventory",CWE-89,semgrep,DAST-00356,INFO_DISCLOSURE,MEDIUM,/api/v1/inventory,Database schema information leaked in error response for malformed request,CWE-200,owasp-zap,1,0.81,CVE-2022-13210
SAST-00733,SENSITIVE_DATA_EXPOSURE,MEDIUM,api/controllers/profile.py,438,Password or token logged to console in process_payment at line 27,CWE-200,semgrep,DAST-00733,SENSITIVE_DATA_EXPOSURE,LOW,/api/v1/auth,PII data accessible via /api/v1/auth without proper access control,CWE-200,http-scanner,0,0.45,CVE-2023-80730
SAST-01079,OPEN_REDIRECT,MEDIUM,api/controllers/search.py,385,User-controlled URL 'user_id' used in redirect without domain whitelist at line 47,CWE-601,bandit,DAST-01079,CORS_MISCONFIGURATION,HIGH,/api/v1/billing,CORS wildcard Access-Control-Allow-Origin: * at /api/v1/billing with credentials,CWE-942,owasp-zap,0,0.31,CVE-2024-90130
SAST-01204,HARDCODED_CREDENTIALS,HIGH,api/controllers/inventory.py,380,"Hardcoded password literal at line 12 in inventory, should use environment variable",CWE-798,bandit,DAST-01204,RATE_LIMITING,MEDIUM,/api/v1/products,No rate limit: 15 rapid requests to /api/v1/products completed without throttling,CWE-770,http-scanner,0,0.17,CVE-2021-63440
SAST-00611,COMMAND_INJECTION,CRITICAL,api/controllers/products.py,52,exec() invoked with dynamic string from user data in process_payment at line 493,CWE-78,bandit,DAST-00611,COMMAND_INJECTION,HIGH,/api/v1/users,RCE confirmed: shell command output in response body for parameter 'page',CWE-78,owasp-zap,0,0.52,CVE-2024-75160
SAST-01106,HARDCODED_CREDENTIALS,HIGH,api/controllers/billing.py,45,"Hardcoded password literal at line 92 in billing, should use environment variable",CWE-798,bandit,DAST-01106,CORS_MISCONFIGURATION,HIGH,/api/v1/billing,Server reflects arbitrary Origin header without validation at /api/v1/billing,CWE-942,http-scanner,0,0.3,CVE-2023-44220
SAST-00340,SQL_INJECTION,HIGH,api/controllers/search.py,173,Database query uses user_id directly from request object without parameterized statement,CWE-89,semgrep,DAST-00340,INFO_DISCLOSURE,LOW,/api/v1/search,Server version and framework details exposed in X-Powered-By header,CWE-200,http-scanner,1,0.82,CVE-2024-70770
SAST-00431,COMMAND_INJECTION,CRITICAL,api/controllers/payments.py,356,Command injection risk: subprocess call with user-controlled argument in authenticate,CWE-78,semgrep,DAST-00431,SECURITY_MISCONFIG,MEDIUM,/api/v1/payments,HTTP 500 with verbose error message and stack trace at /api/v1/payments,CWE-693,owasp-zap,1,0.85,CVE-2023-66620
SAST-00918,PATH_TRAVERSAL,HIGH,api/controllers/profile.py,231,os.path.join with user input 'next' missing path.resolve() in profile,CWE-22,bandit,DAST-00918,BROKEN_AUTH,HIGH,/api/v1/admin,Endpoint /api/v1/admin accessible without valid session token,CWE-287,http-scanner,0,0.14,CVE-2024-79970
SAST-00217,SENSITIVE_DATA_EXPOSURE,LOW,api/controllers/billing.py,103,PII returned in API response without field filtering in billing,CWE-200,bandit,DAST-00217,SENSITIVE_DATA_EXPOSURE,LOW,/api/v1/billing,API key visible in HTTP response body at /api/v1/billing,CWE-200,http-scanner,1,0.95,CVE-2022-75970
SAST-00203,OPEN_REDIRECT,MEDIUM,api/controllers/auth.py,336,Open redirect: flask/django redirect uses unvalidated 'query' parameter in search,CWE-601,bandit,DAST-00203,OPEN_REDIRECT,MEDIUM,/api/v1/auth,Open redirect confirmed: server redirects to evil.example.com without validation,CWE-601,http-scanner,1,0.98,CVE-2023-87520
SAST-01047,INFO_DISCLOSURE,LOW,api/controllers/search.py,248,Exception stack trace returned to client in search,CWE-200,semgrep,DAST-01047,RATE_LIMITING,MEDIUM,/api/v1/payments,"Authentication endpoint /api/v1/payments lacks rate limiting, brute force possible",CWE-770,owasp-zap,0,0.46,CVE-2022-56920
SAST-01058,SQL_INJECTION,HIGH,api/controllers/payments.py,165,Potential SQL injection: user-controlled input passed to database query without sanitization at line 468 in update_profile,CWE-89,semgrep,DAST-01058,INSECURE_TRANSPORT,HIGH,/api/v1/orders,"Sensitive data transmitted in cleartext to /api/v1/orders, no TLS",CWE-319,owasp-zap,0,0.25,CVE-2022-58910
SAST-00093,OPEN_REDIRECT,MEDIUM,api/controllers/products.py,414,User-controlled URL 'filter' used in redirect without domain whitelist at line 333,CWE-601,bandit,DAST-00093,OPEN_REDIRECT,MEDIUM,/api/v1/products,Open redirect confirmed: server redirects to evil.example.com without validation,CWE-601,http-scanner,1,0.86,CVE-2022-18540
SAST-00938,SQL_INJECTION,HIGH,api/controllers/billing.py,384,"Dynamic SQL constructed via f-string concatenation at line 364, inject risk in billing",CWE-89,bandit,DAST-00938,MISSING_SECURITY_HEADERS,MEDIUM,/api/v1/products,"Strict-Transport-Security missing, HTTP downgrade possible at /api/v1/products",CWE-693,http-scanner,0,0.43,CVE-2024-10280
SAST-00068,XSS,HIGH,api/controllers/search.py,392,"Unsafe document.write() with request data in search, XSS vector",CWE-79,semgrep,DAST-00068,XSS,MEDIUM,/api/v1/search,Reflected XSS: <script>alert(1)</script> echoed unescaped in response for 'callback',CWE-79,http-scanner,1,0.84,CVE-2023-88580
SAST-01135,WEAK_CRYPTO,MEDIUM,api/controllers/profile.py,415,DES encryption detected in profile — use AES-256 instead,CWE-327,bandit,DAST-01135,INSECURE_TRANSPORT,HIGH,/api/v1/profile,"Sensitive data transmitted in cleartext to /api/v1/profile, no TLS",CWE-319,http-scanner,0,0.07,CVE-2023-62410
SAST-00284,INFO_DISCLOSURE,MEDIUM,api/controllers/billing.py,490,Internal file path exposed in error message at line 193 in authenticate,CWE-200,semgrep,DAST-00284,INFO_DISCLOSURE,LOW,/api/v1/billing,Server version and framework details exposed in X-Powered-By header,CWE-200,owasp-zap,1,0.93,CVE-2024-79400
SAST-00696,OPEN_REDIRECT,MEDIUM,api/controllers/inventory.py,235,User-controlled URL 'query' used in redirect without domain whitelist at line 149,CWE-601,bandit,DAST-00696,OPEN_REDIRECT,MEDIUM,/api/v1/profile,Open redirect confirmed: server redirects to evil.example.com without validation,CWE-601,http-scanner,0,0.34,CVE-2023-10830
SAST-00085,SQL_INJECTION,HIGH,api/controllers/orders.py,13,"Dynamic SQL constructed via f-string concatenation at line 114, inject risk in orders",CWE-89,bandit,DAST-00085,SQL_INJECTION,CRITICAL,/api/v1/orders,Boolean-based blind SQLi detected at parameter 'id' in endpoint /api/v1/orders,CWE-89,http-scanner,1,0.95,CVE-2022-35140
SAST-00434,SQL_INJECTION,CRITICAL,api/controllers/payments.py,222,"Dynamic SQL constructed via f-string concatenation at line 99, inject risk in payments",CWE-89,bandit,DAST-00434,INFO_DISCLOSURE,LOW,/api/v1/payments,Server version and framework details exposed in X-Powered-By header,CWE-200,http-scanner,1,0.69,CVE-2023-27910
SAST-00933,HARDCODED_CREDENTIALS,HIGH,api/controllers/billing.py,114,Database credential hardcoded in billing at line 104,CWE-798,semgrep,DAST-00933,COMMAND_INJECTION,HIGH,/api/v1/auth,RCE confirmed: shell command output in response body for parameter 'page',CWE-78,owasp-zap,0,0.45,CVE-2023-28810
SAST-00153,COMMAND_INJECTION,HIGH,api/controllers/orders.py,265,exec() invoked with dynamic string from user data in handle_data at line 291,CWE-78,semgrep,DAST-00153,COMMAND_INJECTION,CRITICAL,/api/v1/orders,"Server returns /etc/passwd content, command injection confirmed at /api/v1/orders",CWE-78,owasp-zap,1,0.84,CVE-2024-98180
SAST-00075,INFO_DISCLOSURE,LOW,api/controllers/admin.py,145,Internal file path exposed in error message at line 36 in get_user,CWE-200,bandit,DAST-00075,INFO_DISCLOSURE,MEDIUM,/api/v1/admin,Stack trace with internal file paths returned in HTTP 500 response at /api/v1/admin,CWE-200,owasp-zap,1,0.9,CVE-2022-65190
SAST-01296,INSECURE_DESERIALIZATION,CRITICAL,api/controllers/inventory.py,453,yaml.load() without Loader argument in authenticate — arbitrary code execution risk,CWE-502,semgrep,DAST-01296,MISSING_SECURITY_HEADERS,LOW,/api/v1/admin,Content-Security-Policy header absent from HTTP response at /api/v1/admin,CWE-693,http-scanner,0,0.3,CVE-2023-94300
SAST-01298,PATH_TRAVERSAL,HIGH,api/controllers/auth.py,92,os.path.join with user input 'id' missing path.resolve() in auth,CWE-22,bandit,DAST-01298,MISSING_SECURITY_HEADERS,LOW,/api/v1/auth,"Strict-Transport-Security missing, HTTP downgrade possible at /api/v1/auth",CWE-693,owasp-zap,0,0.13,CVE-2023-23740
SAST-00789,SENSITIVE_DATA_EXPOSURE,LOW,api/controllers/billing.py,332,PII returned in API response without field filtering in billing,CWE-200,semgrep,DAST-00789,SENSITIVE_DATA_EXPOSURE,MEDIUM,/api/v1/auth,PII data accessible via /api/v1/auth without proper access control,CWE-200,owasp-zap,0,0.59,CVE-2023-30720
SAST-00580,SQL_INJECTION,HIGH,api/controllers/payments.py,398,"Dynamic SQL constructed via f-string concatenation at line 474, inject risk in payments",CWE-89,bandit,DAST-00580,SQL_INJECTION,CRITICAL,/api/v1/billing,UNION-based injection confirmed at 'page': database rows returned in response,CWE-89,http-scanner,1,0.74,CVE-2024-55120
SAST-00446,SQL_INJECTION,HIGH,api/controllers/profile.py,263,Potential SQL injection: user-controlled input passed to database query without sanitization at line 400 in process_payment,CWE-89,bandit,DAST-00446,INFO_DISCLOSURE,MEDIUM,/api/v1/profile,Stack trace with internal file paths returned in HTTP 500 response at /api/v1/profile,CWE-200,http-scanner,1,0.77,CVE-2023-34470
SAST-00703,XSS,MEDIUM,api/controllers/users.py,135,"Unsafe document.write() with request data in users, XSS vector",CWE-79,semgrep,DAST-00703,XSS,MEDIUM,/api/v1/profile,Stored XSS confirmed: payload injected via 'query' persists and executes,CWE-79,http-scanner,0,0.58,CVE-2024-97110
SAST-00188,SQL_INJECTION,HIGH,api/controllers/payments.py,450,Unparameterized cursor.execute() call detected; parameter 'user_id' not sanitized,CWE-89,semgrep,DAST-00188,SQL_INJECTION,HIGH,/api/v1/payments,SQL error in HTTP response after injection probe on 'query': MySQL syntax error exposed,CWE-89,owasp-zap,1,0.87,CVE-2023-26110
SAST-00271,COMMAND_INJECTION,CRITICAL,api/controllers/search.py,297,os.system() receives unsanitized request parameter 'id' at line 431,CWE-78,bandit,DAST-00271,COMMAND_INJECTION,CRITICAL,/api/v1/search,RCE confirmed: shell command output in response body for parameter 'name',CWE-78,owasp-zap,1,0.98,CVE-2023-40320
SAST-01093,INFO_DISCLOSURE,MEDIUM,api/controllers/inventory.py,93,Exception stack trace returned to client in inventory,CWE-200,semgrep,DAST-01093,OPEN_REDIRECT,MEDIUM,/api/v1/products,HTTP 302 redirect to attacker-controlled domain via 'email' parameter,CWE-601,http-scanner,0,0.41,CVE-2024-34760
SAST-00884,WEAK_CRYPTO,MEDIUM,api/controllers/payments.py,174,"random.random() used for security token generation at line 297, use secrets module",CWE-327,semgrep,DAST-00884,COMMAND_INJECTION,CRITICAL,/api/v1/search,"Server returns /etc/passwd content, command injection confirmed at /api/v1/search",CWE-78,owasp-zap,0,0.16,CVE-2021-68440
SAST-00236,SENSITIVE_DATA_EXPOSURE,MEDIUM,api/controllers/inventory.py,309,Credit card number present in debug log output at line 62,CWE-200,semgrep,DAST-00236,SENSITIVE_DATA_EXPOSURE,MEDIUM,/api/v1/inventory,API key visible in HTTP response body at /api/v1/inventory,CWE-200,http-scanner,1,0.83,CVE-2023-11190
SAST-00487,COMMAND_INJECTION,HIGH,api/controllers/orders.py,162,os.system() receives unsanitized request parameter 'page' at line 261,CWE-78,bandit,DAST-00487,COMMAND_INJECTION,HIGH,/api/v1/inventory,"Server returns /etc/passwd content, command injection confirmed at /api/v1/inventory",CWE-78,owasp-zap,1,0.76,CVE-2023-84330
SAST-01255,HARDCODED_CREDENTIALS,HIGH,api/controllers/billing.py,143,"Hardcoded password literal at line 371 in billing, should use environment variable",CWE-798,semgrep,DAST-01255,INSECURE_TRANSPORT,HIGH,/api/v1/orders,"Sensitive data transmitted in cleartext to /api/v1/orders, no TLS",CWE-319,owasp-zap,0,0.08,CVE-2024-95230
SAST-00559,XSS,HIGH,api/controllers/orders.py,57,"Unsafe document.write() with request data in orders, XSS vector",CWE-79,bandit,DAST-00559,XSS,HIGH,/api/v1/inventory,Reflected XSS: <script>alert(1)</script> echoed unescaped in response for 'token',CWE-79,owasp-zap,1,0.82,CVE-2023-82890
SAST-00117,INFO_DISCLOSURE,LOW,api/controllers/inventory.py,313,Internal file path exposed in error message at line 492 in update_profile,CWE-200,bandit,DAST-00117,INFO_DISCLOSURE,LOW,/api/v1/inventory,Database schema information leaked in error response for malformed request,CWE-200,owasp-zap,1,0.98,CVE-2022-93440
SAST-00637,SENSITIVE_DATA_EXPOSURE,LOW,api/controllers/orders.py,10,Credit card number present in debug log output at line 342,CWE-200,semgrep,DAST-00637,SENSITIVE_DATA_EXPOSURE,LOW,/api/v1/search,PII data accessible via /api/v1/search without proper access control,CWE-200,http-scanner,0,0.53,CVE-2023-97610
SAST-01169,WEAK_CRYPTO,MEDIUM,api/controllers/search.py,436,"random.random() used for security token generation at line 356, use secrets module",CWE-327,bandit,DAST-01169,RATE_LIMITING,MEDIUM,/api/v1/orders,No rate limit: 15 rapid requests to /api/v1/orders completed without throttling,CWE-770,owasp-zap,0,0.18,CVE-2023-12810
SAST-00801,INFO_DISCLOSURE,MEDIUM,api/controllers/search.py,223,Exception stack trace returned to client in search,CWE-200,semgrep,DAST-00801,INFO_DISCLOSURE,LOW,/api/v1/users,Stack trace with internal file paths returned in HTTP 500 response at /api/v1/users,CWE-200,http-scanner,0,0.36,CVE-2021-65080
SAST-00750,INFO_DISCLOSURE,MEDIUM,api/controllers/billing.py,174,Exception stack trace returned to client in billing,CWE-200,semgrep,DAST-00750,INFO_DISCLOSURE,LOW,/api/v1/products,Stack trace with internal file paths returned in HTTP 500 response at /api/v1/products,CWE-200,owasp-zap,0,0.47,CVE-2024-84190
SAST-00512,XSS,HIGH,api/controllers/auth.py,434,dangerouslySetInnerHTML used without sanitization at line 220 in auth,CWE-79,bandit,DAST-00512,XSS,MEDIUM,/api/v1/users,XSS probe reflected in HTTP 200 response without Content-Security-Policy,CWE-79,owasp-zap,1,0.75,CVE-2024-84880
SAST-00633,SQL_INJECTION,CRITICAL,api/controllers/users.py,466,"Dynamic SQL constructed via f-string concatenation at line 459, inject risk in users",CWE-89,semgrep,DAST-00633,SQL_INJECTION,HIGH,/api/v1/admin,Error-based SQLi: PostgreSQL exception message in response body for 'query',CWE-89,http-scanner,0,0.42,CVE-2024-70210
SAST-00921,SENSITIVE_DATA_EXPOSURE,MEDIUM,api/controllers/orders.py,410,Password or token logged to console in update_profile at line 333,CWE-200,bandit,DAST-00921,SQL_INJECTION,CRITICAL,/api/v1/orders,Error-based SQLi: PostgreSQL exception message in response body for 'filter',CWE-89,owasp-zap,0,0.24,CVE-2022-17220
SAST-01103,WEAK_CRYPTO,MEDIUM,api/controllers/admin.py,89,MD5 hash used for password storage in update_profile — use bcrypt or Argon2,CWE-327,bandit,DAST-01103,MISSING_SECURITY_HEADERS,LOW,/api/v1/products,Content-Security-Policy header absent from HTTP response at /api/v1/products,CWE-693,owasp-zap,0,0.27,CVE-2022-74840
SAST-00907,INSECURE_DESERIALIZATION,HIGH,api/controllers/payments.py,164,marshal.loads() on user-controlled bytes in payments at line 204,CWE-502,semgrep,DAST-00907,INFO_DISCLOSURE,MEDIUM,/api/v1/products,Stack trace with internal file paths returned in HTTP 500 response at /api/v1/products,CWE-200,http-scanner,0,0.42,CVE-2024-18200
SAST-01004,COMMAND_INJECTION,HIGH,api/controllers/admin.py,17,os.system() receives unsanitized request parameter 'query' at line 360,CWE-78,semgrep,DAST-01004,OPEN_REDIRECT,MEDIUM,/api/v1/orders,Open redirect confirmed: server redirects to evil.example.com without validation,CWE-601,owasp-zap,0,0.36,CVE-2022-88480
SAST-00126,INFO_DISCLOSURE,MEDIUM,api/controllers/profile.py,427,Exception stack trace returned to client in profile,CWE-200,bandit,DAST-00126,INFO_DISCLOSURE,MEDIUM,/api/v1/profile,Internal IP address and hostname exposed in response headers at /api/v1/profile,CWE-200,http-scanner,1,0.87,CVE-2022-69120
SAST-00790,XSS,MEDIUM,api/controllers/profile.py,234,dangerouslySetInnerHTML used without sanitization at line 424 in profile,CWE-79,semgrep,DAST-00790,XSS,HIGH,/api/v1/billing,XSS probe reflected in HTTP 200 response without Content-Security-Policy,CWE-79,http-scanner,0,0.48,CVE-2024-56240
SAST-00829,INFO_DISCLOSURE,LOW,api/controllers/profile.py,302,Exception stack trace returned to client in profile,CWE-200,bandit,DAST-00829,INFO_DISCLOSURE,MEDIUM,/api/v1/auth,Server version and framework details exposed in X-Powered-By header,CWE-200,owasp-zap,0,0.39,CVE-2024-78470
SAST-00116,XSS,MEDIUM,api/controllers/search.py,175,dangerouslySetInnerHTML used without sanitization at line 488 in search,CWE-79,semgrep,DAST-00116,XSS,MEDIUM,/api/v1/search,DOM-based XSS via 'email' parameter in endpoint /api/v1/search,CWE-79,http-scanner,1,0.84,CVE-2023-28450
SAST-00473,XSS,HIGH,api/controllers/auth.py,198,Cross-site scripting risk: innerHTML assignment with user-controlled content in search,CWE-79,bandit,DAST-00473,XSS,MEDIUM,/api/v1/users,Reflected XSS: <script>alert(1)</script> echoed unescaped in response for 'name',CWE-79,owasp-zap,1,0.82,CVE-2024-43050
SAST-00740,INFO_DISCLOSURE,LOW,api/controllers/admin.py,497,Internal file path exposed in error message at line 375 in process_payment,CWE-200,bandit,DAST-00740,INFO_DISCLOSURE,LOW,/api/v1/payments,Database schema information leaked in error response for malformed request,CWE-200,owasp-zap,0,0.31,CVE-2024-30850
SAST-01098,COMMAND_INJECTION,CRITICAL,api/controllers/profile.py,86,"Popen with shell=True and user input 'user_id', command injection vector in profile",CWE-78,semgrep,DAST-01098,SENSITIVE_DATA_EXPOSURE,LOW,/api/v1/inventory,API key visible in HTTP response body at /api/v1/inventory,CWE-200,owasp-zap,0,0.48,CVE-2021-55600
SAST-00057,OPEN_REDIRECT,MEDIUM,api/controllers/orders.py,206,User-controlled URL 'email' used in redirect without domain whitelist at line 107,CWE-601,bandit,DAST-00057,OPEN_REDIRECT,MEDIUM,/api/v1/orders,HTTP 302 redirect to attacker-controlled domain via 'filter' parameter,CWE-601,http-scanner,1,0.96,CVE-2023-15360
SAST-00603,SENSITIVE_DATA_EXPOSURE,MEDIUM,api/controllers/users.py,252,Password or token logged to console in authenticate at line 101,CWE-200,semgrep,DAST-00603,SENSITIVE_DATA_EXPOSURE,MEDIUM,/api/v1/payments,API key visible in HTTP response body at /api/v1/payments,CWE-200,owasp-zap,0,0.29,CVE-2022-77840
SAST-00786,INFO_DISCLOSURE,LOW,api/controllers/admin.py,149,Internal file path exposed in error message at line 462 in get_user,CWE-200,semgrep,DAST-00786,INFO_DISCLOSURE,MEDIUM,/api/v1/profile,Database schema information leaked in error response for malformed request,CWE-200,http-scanner,0,0.48,CVE-2023-58620
SAST-00830,OPEN_REDIRECT,MEDIUM,api/controllers/billing.py,487,User-controlled URL 'page' used in redirect without domain whitelist at line 144,CWE-601,semgrep,DAST-00830,OPEN_REDIRECT,MEDIUM,/api/v1/profile,HTTP 302 redirect to attacker-controlled domain via 'filter' parameter,CWE-601,http-scanner,0,0.43,CVE-2024-18720
SAST-00119,XSS,HIGH,api/controllers/profile.py,247,"Unsafe document.write() with request data in profile, XSS vector",CWE-79,bandit,DAST-00119,XSS,HIGH,/api/v1/profile,DOM-based XSS via 'callback' parameter in endpoint /api/v1/profile,CWE-79,owasp-zap,1,0.95,CVE-2024-77490
SAST-00656,INFO_DISCLOSURE,MEDIUM,api/controllers/profile.py,57,Internal file path exposed in error message at line 493 in process_payment,CWE-200,semgrep,DAST-00656,INFO_DISCLOSURE,MEDIUM,/api/v1/payments,Database schema information leaked in error response for malformed request,CWE-200,http-scanner,0,0.53,CVE-2021-94880
SAST-01297,HARDCODED_CREDENTIALS,HIGH,api/controllers/billing.py,18,API key embedded as string constant in process_payment — rotate and move to secrets manager,CWE-798,semgrep,DAST-01297,INSECURE_TRANSPORT,HIGH,/api/v1/auth,"Sensitive data transmitted in cleartext to /api/v1/auth, no TLS",CWE-319,http-scanner,0,0.2,CVE-2021-43930
SAST-00669,OPEN_REDIRECT,MEDIUM,api/controllers/inventory.py,188,User-controlled URL 'name' used in redirect without domain whitelist at line 117,CWE-601,bandit,DAST-00669,OPEN_REDIRECT,MEDIUM,/api/v1/users,Open redirect confirmed: server redirects to evil.example.com without validation,CWE-601,owasp-zap,0,0.52,CVE-2024-38840
SAST-00105,COMMAND_INJECTION,CRITICAL,api/controllers/users.py,333,exec() invoked with dynamic string from user data in get_user at line 103,CWE-78,semgrep,DAST-00105,COMMAND_INJECTION,CRITICAL,/api/v1/users,OS command output detected in HTTP response after injection probe on 'token',CWE-78,owasp-zap,1,0.87,CVE-2023-33210
SAST-00635,OPEN_REDIRECT,MEDIUM,api/controllers/inventory.py,115,User-controlled URL 'user_id' used in redirect without domain whitelist at line 104,CWE-601,bandit,DAST-00635,OPEN_REDIRECT,MEDIUM,/api/v1/profile,HTTP 302 redirect to attacker-controlled domain via 'email' parameter,CWE-601,http-scanner,0,0.38,CVE-2022-64390
SAST-00369,SQL_INJECTION,CRITICAL,api/controllers/inventory.py,294,Unparameterized cursor.execute() call detected; parameter 'token' not sanitized,CWE-89,semgrep,DAST-00369,INFO_DISCLOSURE,LOW,/api/v1/inventory,Database schema information leaked in error response for malformed request,CWE-200,http-scanner,1,0.87,CVE-2024-90140
SAST-00268,INFO_DISCLOSURE,LOW,api/controllers/inventory.py,160,Internal file path exposed in error message at line 239 in get_user,CWE-200,bandit,DAST-00268,INFO_DISCLOSURE,LOW,/api/v1/inventory,Server version and framework details exposed in X-Powered-By header,CWE-200,http-scanner,1,0.91,CVE-2021-95240
SAST-00655,SQL_INJECTION,HIGH,api/controllers/orders.py,43,"Raw SQL query built with string formatting in update_profile, vulnerable to injection attack",CWE-89,semgrep,DAST-00655,SQL_INJECTION,HIGH,/api/v1/admin,UNION-based injection confirmed at 'token': database rows returned in response,CWE-89,http-scanner,0,0.31,CVE-2021-39400
SAST-00819,OPEN_REDIRECT,MEDIUM,api/controllers/profile.py,85,Open redirect: flask/django redirect uses unvalidated 'callback' parameter in process_payment,CWE-601,semgrep,DAST-00819,OPEN_REDIRECT,MEDIUM,/api/v1/search,HTTP 302 redirect to attacker-controlled domain via 'name' parameter,CWE-601,http-scanner,0,0.33,CVE-2021-17900
SAST-00935,SENSITIVE_DATA_EXPOSURE,MEDIUM,api/controllers/profile.py,417,PII returned in API response without field filtering in profile,CWE-200,bandit,DAST-00935,RATE_LIMITING,MEDIUM,/api/v1/payments,No rate limit: 15 rapid requests to /api/v1/payments completed without throttling,CWE-770,owasp-zap,0,0.21,CVE-2023-79960
SAST-00822,OPEN_REDIRECT,MEDIUM,api/controllers/profile.py,196,Open redirect: flask/django redirect uses unvalidated 'callback' parameter in authenticate,CWE-601,bandit,DAST-00822,OPEN_REDIRECT,MEDIUM,/api/v1/payments,Open redirect confirmed: server redirects to evil.example.com without validation,CWE-601,owasp-zap,0,0.61,CVE-2021-46680
SAST-01232,PATH_TRAVERSAL,HIGH,api/controllers/payments.py,33,os.path.join with user input 'callback' missing path.resolve() in payments,CWE-22,semgrep,DAST-01232,MISSING_SECURITY_HEADERS,LOW,/api/v1/auth,"Strict-Transport-Security missing, HTTP downgrade possible at /api/v1/auth",CWE-693,owasp-zap,0,0.08,CVE-2024-62030
SAST-00046,SENSITIVE_DATA_EXPOSURE,LOW,api/controllers/profile.py,303,Password or token logged to console in search at line 155,CWE-200,semgrep,DAST-00046,SENSITIVE_DATA_EXPOSURE,LOW,/api/v1/profile,PII data accessible via /api/v1/profile without proper access control,CWE-200,owasp-zap,1,0.96,CVE-2023-92600
SAST-00349,SENSITIVE_DATA_EXPOSURE,MEDIUM,api/controllers/orders.py,425,Credit card number present in debug log output at line 41,CWE-200,semgrep,DAST-00349,INFO_DISCLOSURE,MEDIUM,/api/v1/orders,Stack trace with internal file paths returned in HTTP 500 response at /api/v1/orders,CWE-200,http-scanner,1,0.8,CVE-2021-67530
SAST-01122,HARDCODED_CREDENTIALS,HIGH,api/controllers/profile.py,313,"Hardcoded password literal at line 25 in profile, should use environment variable",CWE-798,semgrep,DAST-01122,RATE_LIMITING,MEDIUM,/api/v1/payments,"Authentication endpoint /api/v1/payments lacks rate limiting, brute force possible",CWE-770,http-scanner,0,0.21,CVE-2022-81540
SAST-00876,SENSITIVE_DATA_EXPOSURE,LOW,api/controllers/inventory.py,385,PII returned in API response without field filtering in inventory,CWE-200,bandit,DAST-00876,CORS_MISCONFIGURATION,HIGH,/api/v1/users,CORS wildcard Access-Control-Allow-Origin: * at /api/v1/users with credentials,CWE-942,owasp-zap,0,0.12,CVE-2023-94470
SAST-00773,COMMAND_INJECTION,CRITICAL,api/controllers/orders.py,179,Command injection risk: subprocess call with user-controlled argument in authenticate,CWE-78,semgrep,DAST-00773,COMMAND_INJECTION,HIGH,/api/v1/search,RCE confirmed: shell command output in response body for parameter 'email',CWE-78,owasp-zap,0,0.4,CVE-2021-19250
SAST-00195,SQL_INJECTION,CRITICAL,api/controllers/orders.py,69,Potential SQL injection: user-controlled input passed to database query without sanitization at line 242 in update_profile,CWE-89,bandit,DAST-00195,SQL_INJECTION,HIGH,/api/v1/orders,Boolean-based blind SQLi detected at parameter 'user_id' in endpoint /api/v1/orders,CWE-89,owasp-zap,1,0.85,CVE-2023-57210
SAST-00102,XSS,MEDIUM,api/controllers/search.py,132,Cross-site scripting risk: innerHTML assignment with user-controlled content in handle_data,CWE-79,semgrep,DAST-00102,XSS,MEDIUM,/api/v1/search,Reflected XSS: <script>alert(1)</script> echoed unescaped in response for 'name',CWE-79,owasp-zap,1,0.93,CVE-2022-78550
SAST-00004,INFO_DISCLOSURE,LOW,api/controllers/users.py,246,Internal file path exposed in error message at line 204 in process_payment,CWE-200,bandit,DAST-00004,INFO_DISCLOSURE,LOW,/api/v1/users,Database schema information leaked in error response for malformed request,CWE-200,http-scanner,1,0.87,CVE-2022-58260
SAST-00619,XSS,HIGH,api/controllers/inventory.py,96,Jinja2 template renders user input without autoescaping in update_profile at line 355,CWE-79,bandit,DAST-00619,XSS,HIGH,/api/v1/payments,Reflected XSS: <script>alert(1)</script> echoed unescaped in response for 'email',CWE-79,http-scanner,0,0.6,CVE-2024-17030
SAST-00571,COMMAND_INJECTION,CRITICAL,api/controllers/auth.py,71,exec() invoked with dynamic string from user data in get_user at line 128,CWE-78,semgrep,DAST-00571,COMMAND_INJECTION,HIGH,/api/v1/users,"Server returns /etc/passwd content, command injection confirmed at /api/v1/users",CWE-78,owasp-zap,1,0.75,CVE-2024-40660
SAST-00052,SQL_INJECTION,HIGH,api/controllers/orders.py,401,Database query uses name directly from request object without parameterized statement,CWE-89,bandit,DAST-00052,SQL_INJECTION,CRITICAL,/api/v1/orders,UNION-based injection confirmed at 'next': database rows returned in response,CWE-89,http-scanner,1,0.85,CVE-2024-25660
SAST-00263,COMMAND_INJECTION,HIGH,api/controllers/profile.py,221,os.system() receives unsanitized request parameter 'email' at line 318,CWE-78,semgrep,DAST-00263,COMMAND_INJECTION,CRITICAL,/api/v1/profile,RCE confirmed: shell command output in response body for parameter 'email',CWE-78,owasp-zap,1,0.85,CVE-2023-20430
SAST-01185,WEAK_CRYPTO,MEDIUM,api/controllers/orders.py,119,"random.random() used for security token generation at line 471, use secrets module",CWE-327,bandit,DAST-01185,BROKEN_AUTH,HIGH,/api/v1/search,JWT accepted without signature verification at /api/v1/search,CWE-287,http-scanner,0,0.13,CVE-2022-40040
SAST-00443,SQL_INJECTION,HIGH,api/controllers/auth.py,310,Database query uses user_id directly from request object without parameterized statement,CWE-89,semgrep,DAST-00443,INFO_DISCLOSURE,LOW,/api/v1/auth,Stack trace with internal file paths returned in HTTP 500 response at /api/v1/auth,CWE-200,http-scanner,1,0.75,CVE-2024-68090
SAST-01083,SENSITIVE_DATA_EXPOSURE,MEDIUM,api/controllers/profile.py,206,PII returned in API response without field filtering in profile,CWE-200,semgrep,DAST-01083,CORS_MISCONFIGURATION,MEDIUM,/api/v1/inventory,Server reflects arbitrary Origin header without validation at /api/v1/inventory,CWE-942,owasp-zap,0,0.29,CVE-2021-35020
SAST-00782,COMMAND_INJECTION,CRITICAL,api/controllers/orders.py,469,"Popen with shell=True and user input 'name', command injection vector in orders",CWE-78,semgrep,DAST-00782,COMMAND_INJECTION,HIGH,/api/v1/payments,RCE confirmed: shell command output in response body for parameter 'callback',CWE-78,http-scanner,0,0.56,CVE-2021-50290
SAST-00837,INFO_DISCLOSURE,LOW,api/controllers/admin.py,268,Exception stack trace returned to client in admin,CWE-200,semgrep,DAST-00837,INFO_DISCLOSURE,MEDIUM,/api/v1/payments,Database schema information leaked in error response for malformed request,CWE-200,owasp-zap,0,0.61,CVE-2021-83610
SAST-00998,OPEN_REDIRECT,MEDIUM,api/controllers/admin.py,500,User-controlled URL 'user_id' used in redirect without domain whitelist at line 478,CWE-601,bandit,DAST-00998,RATE_LIMITING,MEDIUM,/api/v1/users,"Authentication endpoint /api/v1/users lacks rate limiting, brute force possible",CWE-770,owasp-zap,0,0.1,CVE-2022-11970
SAST-00691,XSS,HIGH,api/controllers/admin.py,336,Jinja2 template renders user input without autoescaping in handle_data at line 238,CWE-79,bandit,DAST-00691,XSS,HIGH,/api/v1/users,XSS probe reflected in HTTP 200 response without Content-Security-Policy,CWE-79,owasp-zap,0,0.31,CVE-2023-24140
SAST-00304,PATH_TRAVERSAL,HIGH,api/controllers/admin.py,467,"File path from request not normalized in process_payment, directory traversal possible",CWE-22,bandit,DAST-00304,INFO_DISCLOSURE,LOW,/api/v1/admin,Internal IP address and hostname exposed in response headers at /api/v1/admin,CWE-200,http-scanner,1,0.72,CVE-2022-52880
SAST-00341,SQL_INJECTION,CRITICAL,api/controllers/orders.py,412,"Dynamic SQL constructed via f-string concatenation at line 211, inject risk in orders",CWE-89,semgrep,DAST-00341,INFO_DISCLOSURE,MEDIUM,/api/v1/orders,Stack trace with internal file paths returned in HTTP 500 response at /api/v1/orders,CWE-200,http-scanner,1,0.73,CVE-2023-91170
SAST-01023,SQL_INJECTION,HIGH,api/controllers/payments.py,133,Potential SQL injection: user-controlled input passed to database query without sanitization at line 470 in process_payment,CWE-89,bandit,DAST-01023,XSS,HIGH,/api/v1/inventory,Stored XSS confirmed: payload injected via 'user_id' persists and executes,CWE-79,owasp-zap,0,0.22,CVE-2024-15070
SAST-00313,PATH_TRAVERSAL,HIGH,api/controllers/billing.py,444,os.path.join with user input 'query' missing path.resolve() in billing,CWE-22,bandit,DAST-00313,INFO_DISCLOSURE,LOW,/api/v1/billing,Database schema information leaked in error response for malformed request,CWE-200,http-scanner,1,0.8,CVE-2023-89160
SAST-00149,XSS,HIGH,api/controllers/products.py,114,dangerouslySetInnerHTML used without sanitization at line 179 in products,CWE-79,semgrep,DAST-00149,XSS,MEDIUM,/api/v1/products,DOM-based XSS via 'token' parameter in endpoint /api/v1/products,CWE-79,owasp-zap,1,0.87,CVE-2021-35910
SAST-00124,XSS,HIGH,api/controllers/auth.py,416,"Unsafe document.write() with request data in auth, XSS vector",CWE-79,bandit,DAST-00124,XSS,HIGH,/api/v1/auth,Stored XSS confirmed: payload injected via 'id' persists and executes,CWE-79,owasp-zap,1,0.84,CVE-2023-48260
SAST-01261,PATH_TRAVERSAL,HIGH,api/controllers/auth.py,411,os.path.join with user input 'id' missing path.resolve() in auth,CWE-22,semgrep,DAST-01261,MISSING_SECURITY_HEADERS,MEDIUM,/api/v1/products,Content-Security-Policy header absent from HTTP response at /api/v1/products,CWE-693,http-scanner,0,0.14,CVE-2021-47130
SAST-00574,COMMAND_INJECTION,HIGH,api/controllers/orders.py,20,Command injection risk: subprocess call with user-controlled argument in authenticate,CWE-78,bandit,DAST-00574,COMMAND_INJECTION,CRITICAL,/api/v1/inventory,RCE confirmed: shell command output in response body for parameter 'name',CWE-78,owasp-zap,1,0.71,CVE-2023-75440
SAST-00697,INFO_DISCLOSURE,LOW,api/controllers/billing.py,358,Exception stack trace returned to client in billing,CWE-200,bandit,DAST-00697,INFO_DISCLOSURE,LOW,/api/v1/inventory,Server version and framework details exposed in X-Powered-By header,CWE-200,http-scanner,0,0.36,CVE-2024-88730
SAST-00664,XSS,HIGH,api/controllers/profile.py,29,User input 'next' reflected in HTML template without output encoding in get_user,CWE-79,bandit,DAST-00664,XSS,HIGH,/api/v1/auth,Stored XSS confirmed: payload injected via 'name' persists and executes,CWE-79,http-scanner,0,0.3,CVE-2023-66900
SAST-00050,SENSITIVE_DATA_EXPOSURE,LOW,api/controllers/billing.py,227,Credit card number present in debug log output at line 68,CWE-200,bandit,DAST-00050,SENSITIVE_DATA_EXPOSURE,LOW,/api/v1/billing,PII data accessible via /api/v1/billing without proper access control,CWE-200,http-scanner,1,0.92,CVE-2023-19140
SAST-01015,INSECURE_DESERIALIZATION,HIGH,api/controllers/billing.py,332,marshal.loads() on user-controlled bytes in billing at line 425,CWE-502,bandit,DAST-01015,SENSITIVE_DATA_EXPOSURE,LOW,/api/v1/users,Password hash returned in API response at /api/v1/users without authorization,CWE-200,http-scanner,0,0.32,CVE-2022-42910
SAST-00958,PATH_TRAVERSAL,HIGH,api/controllers/admin.py,320,"File path from request not normalized in get_user, directory traversal possible",CWE-22,semgrep,DAST-00958,SENSITIVE_DATA_EXPOSURE,MEDIUM,/api/v1/billing,API key visible in HTTP response body at /api/v1/billing,CWE-200,owasp-zap,0,0.33,CVE-2023-18490
SAST-00726,XSS,MEDIUM,api/controllers/orders.py,262,Cross-site scripting risk: innerHTML assignment with user-controlled content in update_profile,CWE-79,bandit,DAST-00726,XSS,MEDIUM,/api/v1/products,DOM-based XSS via 'name' parameter in endpoint /api/v1/products,CWE-79,owasp-zap,0,0.58,CVE-2024-53760
SAST-00799,INFO_DISCLOSURE,MEDIUM,api/controllers/admin.py,67,Exception stack trace returned to client in admin,CWE-200,semgrep,DAST-00799,INFO_DISCLOSURE,LOW,/api/v1/inventory,Stack trace with internal file paths returned in HTTP 500 response at /api/v1/inventory,CWE-200,http-scanner,0,0.35,CVE-2024-38180
SAST-00833,SENSITIVE_DATA_EXPOSURE,MEDIUM,api/controllers/profile.py,362,Password or token logged to console in handle_data at line 475,CWE-200,bandit,DAST-00833,SENSITIVE_DATA_EXPOSURE,MEDIUM,/api/v1/inventory,PII data accessible via /api/v1/inventory without proper access control,CWE-200,http-scanner,0,0.37,CVE-2023-72120
SAST-00353,WEAK_CRYPTO,MEDIUM,api/controllers/orders.py,193,MD5 hash used for password storage in handle_data — use bcrypt or Argon2,CWE-327,bandit,DAST-00353,INSECURE_TRANSPORT,HIGH,/api/v1/orders,"Sensitive data transmitted in cleartext to /api/v1/orders, no TLS",CWE-319,http-scanner,1,0.71,CVE-2022-46650
SAST-01248,INSECURE_DESERIALIZATION,HIGH,api/controllers/auth.py,246,Insecure deserialization: pickle.loads() called with user-supplied data at line 221,CWE-502,semgrep,DAST-01248,RATE_LIMITING,MEDIUM,/api/v1/search,No rate limit: 15 rapid requests to /api/v1/search completed without throttling,CWE-770,http-scanner,0,0.37,CVE-2023-49800
SAST-00142,SENSITIVE_DATA_EXPOSURE,LOW,api/controllers/auth.py,488,Credit card number present in debug log output at line 467,CWE-200,bandit,DAST-00142,SENSITIVE_DATA_EXPOSURE,MEDIUM,/api/v1/auth,PII data accessible via /api/v1/auth without proper access control,CWE-200,http-scanner,1,0.99,CVE-2023-80660
SAST-00470,SQL_INJECTION,CRITICAL,api/controllers/payments.py,251,Potential SQL injection: user-controlled input passed to database query without sanitization at line 387 in search,CWE-89,semgrep,DAST-00470,SQL_INJECTION,HIGH,/api/v1/billing,SQL error in HTTP response after injection probe on 'email': MySQL syntax error exposed,CWE-89,owasp-zap,1,0.75,CVE-2024-98950
SAST-00882,INFO_DISCLOSURE,MEDIUM,api/controllers/admin.py,82,Internal file path exposed in error message at line 132 in search,CWE-200,semgrep,DAST-00882,CORS_MISCONFIGURATION,MEDIUM,/api/v1/payments,Server reflects arbitrary Origin header without validation at /api/v1/payments,CWE-942,owasp-zap,0,0.44,CVE-2021-69600
SAST-00971,PATH_TRAVERSAL,HIGH,api/controllers/admin.py,150,"File path from request not normalized in handle_data, directory traversal possible",CWE-22,bandit,DAST-00971,BROKEN_AUTH,HIGH,/api/v1/products,"Session not invalidated after logout, token still valid at /api/v1/products",CWE-287,owasp-zap,0,0.35,CVE-2021-52390
SAST-00653,INFO_DISCLOSURE,MEDIUM,api/controllers/inventory.py,486,Internal file path exposed in error message at line 90 in process_payment,CWE-200,semgrep,DAST-00653,INFO_DISCLOSURE,LOW,/api/v1/admin,Server version and framework details exposed in X-Powered-By header,CWE-200,owasp-zap,0,0.41,CVE-2021-60590
SAST-00399,SQL_INJECTION,CRITICAL,api/controllers/users.py,121,Database query uses query directly from request object without parameterized statement,CWE-89,semgrep,DAST-00399,INFO_DISCLOSURE,LOW,/api/v1/users,Database schema information leaked in error response for malformed request,CWE-200,http-scanner,1,0.83,CVE-2021-22290
SAST-00511,XSS,MEDIUM,api/controllers/payments.py,189,dangerouslySetInnerHTML used without sanitization at line 163 in payments,CWE-79,bandit,DAST-00511,XSS,MEDIUM,/api/v1/billing,XSS probe reflected in HTTP 200 response without Content-Security-Policy,CWE-79,owasp-zap,1,0.81,CVE-2023-66760
SAST-01245,PATH_TRAVERSAL,HIGH,api/controllers/products.py,313,"File path from request not normalized in process_payment, directory traversal possible",CWE-22,semgrep,DAST-01245,BROKEN_AUTH,HIGH,/api/v1/orders,JWT accepted without signature verification at /api/v1/orders,CWE-287,http-scanner,0,0.35,CVE-2021-31640
SAST-00320,PATH_TRAVERSAL,HIGH,api/controllers/orders.py,155,os.path.join with user input 'email' missing path.resolve() in orders,CWE-22,semgrep,DAST-00320,INFO_DISCLOSURE,LOW,/api/v1/orders,Internal IP address and hostname exposed in response headers at /api/v1/orders,CWE-200,owasp-zap,1,0.74,CVE-2024-38410
SAST-00019,SQL_INJECTION,CRITICAL,api/controllers/orders.py,90,Unparameterized cursor.execute() call detected; parameter 'page' not sanitized,CWE-89,bandit,DAST-00019,SQL_INJECTION,HIGH,/api/v1/orders,Boolean-based blind SQLi detected at parameter 'page' in endpoint /api/v1/orders,CWE-89,owasp-zap,1,0.97,CVE-2022-21870
SAST-00684,XSS,HIGH,api/controllers/admin.py,135,dangerouslySetInnerHTML used without sanitization at line 47 in admin,CWE-79,semgrep,DAST-00684,XSS,HIGH,/api/v1/profile,Stored XSS confirmed: payload injected via 'filter' persists and executes,CWE-79,owasp-zap,0,0.52,CVE-2022-60090
SAST-00035,COMMAND_INJECTION,CRITICAL,api/controllers/products.py,480,os.system() receives unsanitized request parameter 'email' at line 75,CWE-78,bandit,DAST-00035,COMMAND_INJECTION,HIGH,/api/v1/products,"Server returns /etc/passwd content, command injection confirmed at /api/v1/products",CWE-78,owasp-zap,1,0.97,CVE-2022-39090
SAST-00824,SENSITIVE_DATA_EXPOSURE,MEDIUM,api/controllers/auth.py,41,Credit card number present in debug log output at line 116,CWE-200,semgrep,DAST-00824,SENSITIVE_DATA_EXPOSURE,LOW,/api/v1/search,PII data accessible via /api/v1/search without proper access control,CWE-200,owasp-zap,0,0.35,CVE-2021-86280
SAST-00902,PATH_TRAVERSAL,HIGH,api/controllers/auth.py,308,"File path from request not normalized in search, directory traversal possible",CWE-22,semgrep,DAST-00902,INSECURE_TRANSPORT,HIGH,/api/v1/users,"Sensitive data transmitted in cleartext to /api/v1/users, no TLS",CWE-319,owasp-zap,0,0.15,CVE-2021-87620
SAST-00505,XSS,HIGH,api/controllers/payments.py,332,"Unsafe document.write() with request data in payments, XSS vector",CWE-79,semgrep,DAST-00505,XSS,MEDIUM,/api/v1/billing,Stored XSS confirmed: payload injected via 'callback' persists and executes,CWE-79,http-scanner,1,0.82,CVE-2024-78260
SAST-00827,COMMAND_INJECTION,CRITICAL,api/controllers/inventory.py,357,"Popen with shell=True and user input 'page', command injection vector in inventory",CWE-78,semgrep,DAST-00827,COMMAND_INJECTION,HIGH,/api/v1/search,OS command output detected in HTTP response after injection probe on 'filter',CWE-78,http-scanner,0,0.45,CVE-2022-37170
SAST-01163,PATH_TRAVERSAL,HIGH,api/controllers/inventory.py,463,os.path.join with user input 'name' missing path.resolve() in inventory,CWE-22,bandit,DAST-01163,INSECURE_TRANSPORT,HIGH,/api/v1/search,"Sensitive data transmitted in cleartext to /api/v1/search, no TLS",CWE-319,http-scanner,0,0.09,CVE-2024-34520
SAST-00407,SENSITIVE_DATA_EXPOSURE,LOW,api/controllers/auth.py,174,Credit card number present in debug log output at line 438,CWE-200,bandit,DAST-00407,INFO_DISCLOSURE,LOW,/api/v1/auth,Database schema information leaked in error response for malformed request,CWE-200,http-scanner,1,0.71,CVE-2023-72430
SAST-00920,XSS,HIGH,api/controllers/admin.py,42,Jinja2 template renders user input without autoescaping in search at line 19,CWE-79,semgrep,DAST-00920,RATE_LIMITING,MEDIUM,/api/v1/orders,No rate limit: 15 rapid requests to /api/v1/orders completed without throttling,CWE-770,http-scanner,0,0.41,CVE-2023-53310
SAST-00817,XSS,MEDIUM,api/controllers/profile.py,178,User input 'query' reflected in HTML template without output encoding in handle_data,CWE-79,semgrep,DAST-00817,XSS,MEDIUM,/api/v1/orders,XSS probe reflected in HTTP 200 response without Content-Security-Policy,CWE-79,http-scanner,0,0.51,CVE-2023-46700
SAST-00866,OPEN_REDIRECT,MEDIUM,api/controllers/search.py,295,Open redirect: flask/django redirect uses unvalidated 'filter' parameter in update_profile,CWE-601,semgrep,DAST-00866,SENSITIVE_DATA_EXPOSURE,MEDIUM,/api/v1/admin,Password hash returned in API response at /api/v1/admin without authorization,CWE-200,http-scanner,0,0.34,CVE-2022-69140
SAST-00537,COMMAND_INJECTION,CRITICAL,api/controllers/auth.py,401,Command injection risk: subprocess call with user-controlled argument in handle_data,CWE-78,bandit,DAST-00537,COMMAND_INJECTION,HIGH,/api/v1/users,OS command output detected in HTTP response after injection probe on 'callback',CWE-78,http-scanner,1,0.82,CVE-2021-52610
SAST-00758,SENSITIVE_DATA_EXPOSURE,MEDIUM,api/controllers/profile.py,316,Credit card number present in debug log output at line 192,CWE-200,semgrep,DAST-00758,SENSITIVE_DATA_EXPOSURE,LOW,/api/v1/inventory,Password hash returned in API response at /api/v1/inventory without authorization,CWE-200,http-scanner,0,0.39,CVE-2024-18430
SAST-01160,INSECURE_DESERIALIZATION,CRITICAL,api/controllers/inventory.py,329,Insecure deserialization: pickle.loads() called with user-supplied data at line 467,CWE-502,bandit,DAST-01160,INSECURE_TRANSPORT,HIGH,/api/v1/search,Endpoint /api/v1/search served over HTTP without HTTPS redirect,CWE-319,owasp-zap,0,0.3,CVE-2023-89740
SAST-01040,INFO_DISCLOSURE,LOW,api/controllers/products.py,130,Exception stack trace returned to client in products,CWE-200,bandit,DAST-01040,RATE_LIMITING,MEDIUM,/api/v1/admin,"Authentication endpoint /api/v1/admin lacks rate limiting, brute force possible",CWE-770,http-scanner,0,0.39,CVE-2021-35800
SAST-00038,OPEN_REDIRECT,MEDIUM,api/controllers/search.py,320,User-controlled URL 'query' used in redirect without domain whitelist at line 320,CWE-601,bandit,DAST-00038,OPEN_REDIRECT,MEDIUM,/api/v1/search,Open redirect confirmed: server redirects to evil.example.com without validation,CWE-601,http-scanner,1,0.89,CVE-2022-49970
SAST-00175,INFO_DISCLOSURE,MEDIUM,api/controllers/auth.py,176,Internal file path exposed in error message at line 110 in search,CWE-200,semgrep,DAST-00175,INFO_DISCLOSURE,MEDIUM,/api/v1/auth,Internal IP address and hostname exposed in response headers at /api/v1/auth,CWE-200,http-scanner,1,0.92,CVE-2023-58010
SAST-00245,COMMAND_INJECTION,CRITICAL,api/controllers/users.py,267,Command injection risk: subprocess call with user-controlled argument in process_payment,CWE-78,bandit,DAST-00245,COMMAND_INJECTION,CRITICAL,/api/v1/users,OS command output detected in HTTP response after injection probe on 'next',CWE-78,http-scanner,1,0.89,CVE-2021-97680
SAST-00810,OPEN_REDIRECT,MEDIUM,api/controllers/billing.py,332,User-controlled URL 'filter' used in redirect without domain whitelist at line 64,CWE-601,semgrep,DAST-00810,OPEN_REDIRECT,MEDIUM,/api/v1/admin,HTTP 302 redirect to attacker-controlled domain via 'page' parameter,CWE-601,http-scanner,0,0.33,CVE-2022-36400
SAST-01177,WEAK_CRYPTO,MEDIUM,api/controllers/search.py,82,MD5 hash used for password storage in search — use bcrypt or Argon2,CWE-327,bandit,DAST-01177,BROKEN_AUTH,HIGH,/api/v1/profile,Endpoint /api/v1/profile accessible without valid session token,CWE-287,http-scanner,0,0.37,CVE-2021-78960
SAST-01107,WEAK_CRYPTO,MEDIUM,api/controllers/inventory.py,76,DES encryption detected in inventory — use AES-256 instead,CWE-327,bandit,DAST-01107,INSECURE_TRANSPORT,HIGH,/api/v1/admin,"Sensitive data transmitted in cleartext to /api/v1/admin, no TLS",CWE-319,owasp-zap,0,0.36,CVE-2022-93870
SAST-01080,SQL_INJECTION,CRITICAL,api/controllers/products.py,411,Database query uses user_id directly from request object without parameterized statement,CWE-89,bandit,DAST-01080,BROKEN_AUTH,HIGH,/api/v1/payments,JWT accepted without signature verification at /api/v1/payments,CWE-287,http-scanner,0,0.49,CVE-2022-84340
SAST-00784,SQL_INJECTION,HIGH,api/controllers/admin.py,299,Database query uses query directly from request object without parameterized statement,CWE-89,bandit,DAST-00784,SQL_INJECTION,HIGH,/api/v1/inventory,SQL error in HTTP response after injection probe on 'user_id': MySQL syntax error exposed,CWE-89,http-scanner,0,0.48,CVE-2021-23170
SAST-00985,HARDCODED_CREDENTIALS,HIGH,api/controllers/search.py,109,"Hardcoded password literal at line 224 in search, should use environment variable",CWE-798,semgrep,DAST-00985,MISSING_SECURITY_HEADERS,MEDIUM,/api/v1/users,"X-Frame-Options not set, clickjacking attack vector exists at /api/v1/users",CWE-693,owasp-zap,0,0.15,CVE-2021-34550
SAST-01282,HARDCODED_CREDENTIALS,HIGH,api/controllers/products.py,20,API key embedded as string constant in handle_data — rotate and move to secrets manager,CWE-798,bandit,DAST-01282,CORS_MISCONFIGURATION,HIGH,/api/v1/payments,CORS wildcard Access-Control-Allow-Origin: * at /api/v1/payments with credentials,CWE-942,http-scanner,0,0.12,CVE-2023-89540
SAST-00489,COMMAND_INJECTION,CRITICAL,api/controllers/orders.py,279,os.system() receives unsanitized request parameter 'email' at line 332,CWE-78,bandit,DAST-00489,COMMAND_INJECTION,CRITICAL,/api/v1/inventory,"Server returns /etc/passwd content, command injection confirmed at /api/v1/inventory",CWE-78,http-scanner,1,0.72,CVE-2021-93740
SAST-00154,OPEN_REDIRECT,MEDIUM,api/controllers/users.py,439,Open redirect: flask/django redirect uses unvalidated 'id' parameter in authenticate,CWE-601,bandit,DAST-00154,OPEN_REDIRECT,MEDIUM,/api/v1/users,Open redirect confirmed: server redirects to evil.example.com without validation,CWE-601,owasp-zap,1,0.94,CVE-2021-15990
SAST-00638,INFO_DISCLOSURE,LOW,api/controllers/search.py,431,Internal file path exposed in error message at line 192 in get_user,CWE-200,bandit,DAST-00638,INFO_DISCLOSURE,LOW,/api/v1/products,Database schema information leaked in error response for malformed request,CWE-200,owasp-zap,0,0.53,CVE-2023-80330
SAST-00961,SQL_INJECTION,HIGH,api/controllers/billing.py,170,Database query uses token directly from request object without parameterized statement,CWE-89,bandit,DAST-00961,INSECURE_TRANSPORT,HIGH,/api/v1/admin,"Sensitive data transmitted in cleartext to /api/v1/admin, no TLS",CWE-319,http-scanner,0,0.2,CVE-2024-17770
SAST-00662,INFO_DISCLOSURE,LOW,api/controllers/payments.py,446,Internal file path exposed in error message at line 63 in process_payment,CWE-200,bandit,DAST-00662,INFO_DISCLOSURE,LOW,/api/v1/search,Internal IP address and hostname exposed in response headers at /api/v1/search,CWE-200,owasp-zap,0,0.4,CVE-2024-47020
SAST-00853,SENSITIVE_DATA_EXPOSURE,LOW,api/controllers/inventory.py,391,PII returned in API response without field filtering in inventory,CWE-200,semgrep,DAST-00853,INSECURE_TRANSPORT,HIGH,/api/v1/admin,Endpoint /api/v1/admin served over HTTP without HTTPS redirect,CWE-319,http-scanner,0,0.36,CVE-2023-54370
SAST-00942,WEAK_CRYPTO,MEDIUM,api/controllers/search.py,483,MD5 hash used for password storage in handle_data — use bcrypt or Argon2,CWE-327,semgrep,DAST-00942,INFO_DISCLOSURE,LOW,/api/v1/inventory,Server version and framework details exposed in X-Powered-By header,CWE-200,http-scanner,0,0.31,CVE-2022-24480
SAST-00287,OPEN_REDIRECT,MEDIUM,api/controllers/users.py,273,Open redirect: flask/django redirect uses unvalidated 'token' parameter in process_payment,CWE-601,bandit,DAST-00287,OPEN_REDIRECT,MEDIUM,/api/v1/users,HTTP 302 redirect to attacker-controlled domain via 'query' parameter,CWE-601,owasp-zap,1,0.89,CVE-2023-46410
SAST-00625,SQL_INJECTION,CRITICAL,api/controllers/products.py,419,Database query uses user_id directly from request object without parameterized statement,CWE-89,semgrep,DAST-00625,SQL_INJECTION,CRITICAL,/api/v1/inventory,Error-based SQLi: PostgreSQL exception message in response body for 'query',CWE-89,owasp-zap,0,0.32,CVE-2023-55520
SAST-01222,INSECURE_DESERIALIZATION,HIGH,api/controllers/users.py,16,Insecure deserialization: pickle.loads() called with user-supplied data at line 242,CWE-502,bandit,DAST-01222,BROKEN_AUTH,HIGH,/api/v1/admin,"Session not invalidated after logout, token still valid at /api/v1/admin",CWE-287,owasp-zap,0,0.38,CVE-2023-17370
SAST-00685,OPEN_REDIRECT,MEDIUM,api/controllers/billing.py,207,Open redirect: flask/django redirect uses unvalidated 'token' parameter in update_profile,CWE-601,bandit,DAST-00685,OPEN_REDIRECT,MEDIUM,/api/v1/products,HTTP 302 redirect to attacker-controlled domain via 'query' parameter,CWE-601,http-scanner,0,0.51,CVE-2024-25210
SAST-01140,PATH_TRAVERSAL,HIGH,api/controllers/inventory.py,227,"File path from request not normalized in update_profile, directory traversal possible",CWE-22,bandit,DAST-01140,CORS_MISCONFIGURATION,MEDIUM,/api/v1/search,CORS wildcard Access-Control-Allow-Origin: * at /api/v1/search with credentials,CWE-942,owasp-zap,0,0.18,CVE-2022-26980
SAST-00322,COMMAND_INJECTION,HIGH,api/controllers/auth.py,262,os.system() receives unsanitized request parameter 'callback' at line 121,CWE-78,semgrep,DAST-00322,SECURITY_MISCONFIG,MEDIUM,/api/v1/auth,Server error reveals internal configuration details at /api/v1/auth,CWE-693,http-scanner,1,0.7,CVE-2022-15740
SAST-00569,XSS,MEDIUM,api/controllers/auth.py,34,Jinja2 template renders user input without autoescaping in search at line 405,CWE-79,bandit,DAST-00569,XSS,MEDIUM,/api/v1/users,DOM-based XSS via 'id' parameter in endpoint /api/v1/users,CWE-79,http-scanner,1,0.7,CVE-2021-19540
SAST-01239,HARDCODED_CREDENTIALS,HIGH,api/controllers/auth.py,313,Database credential hardcoded in auth at line 118,CWE-798,semgrep,DAST-01239,INSECURE_TRANSPORT,HIGH,/api/v1/inventory,"Sensitive data transmitted in cleartext to /api/v1/inventory, no TLS",CWE-319,http-scanner,0,0.33,CVE-2021-99840
SAST-00017,OPEN_REDIRECT,MEDIUM,api/controllers/auth.py,327,Open redirect: flask/django redirect uses unvalidated 'name' parameter in search,CWE-601,semgrep,DAST-00017,OPEN_REDIRECT,MEDIUM,/api/v1/auth,Open redirect confirmed: server redirects to evil.example.com without validation,CWE-601,owasp-zap,1,0.87,CVE-2021-95770
SAST-00127,SENSITIVE_DATA_EXPOSURE,MEDIUM,api/controllers/payments.py,97,Credit card number present in debug log output at line 278,CWE-200,semgrep,DAST-00127,SENSITIVE_DATA_EXPOSURE,LOW,/api/v1/payments,Password hash returned in API response at /api/v1/payments without authorization,CWE-200,owasp-zap,1,0.82,CVE-2023-35580
SAST-00927,XSS,MEDIUM,api/controllers/admin.py,339,Jinja2 template renders user input without autoescaping in process_payment at line 154,CWE-79,bandit,DAST-00927,RATE_LIMITING,MEDIUM,/api/v1/inventory,No rate limit: 15 rapid requests to /api/v1/inventory completed without throttling,CWE-770,owasp-zap,0,0.14,CVE-2024-82600
SAST-00980,OPEN_REDIRECT,MEDIUM,api/controllers/users.py,135,User-controlled URL 'token' used in redirect without domain whitelist at line 82,CWE-601,semgrep,DAST-00980,INFO_DISCLOSURE,MEDIUM,/api/v1/search,Internal IP address and hostname exposed in response headers at /api/v1/search,CWE-200,http-scanner,0,0.45,CVE-2024-43620
SAST-01275,WEAK_CRYPTO,MEDIUM,api/controllers/products.py,181,"random.random() used for security token generation at line 349, use secrets module",CWE-327,bandit,DAST-01275,MISSING_SECURITY_HEADERS,LOW,/api/v1/inventory,"X-Frame-Options not set, clickjacking attack vector exists at /api/v1/inventory",CWE-693,owasp-zap,0,0.28,CVE-2021-36500
SAST-00190,XSS,MEDIUM,api/controllers/auth.py,395,Cross-site scripting risk: innerHTML assignment with user-controlled content in update_profile,CWE-79,semgrep,DAST-00190,XSS,HIGH,/api/v1/auth,XSS probe reflected in HTTP 200 response without Content-Security-Policy,CWE-79,http-scanner,1,0.93,CVE-2022-82630
SAST-00992,WEAK_CRYPTO,MEDIUM,api/controllers/users.py,251,MD5 hash used for password storage in authenticate — use bcrypt or Argon2,CWE-327,semgrep,DAST-00992,SENSITIVE_DATA_EXPOSURE,MEDIUM,/api/v1/admin,API key visible in HTTP response body at /api/v1/admin,CWE-200,owasp-zap,0,0.15,CVE-2023-33000
SAST-01269,WEAK_CRYPTO,MEDIUM,api/controllers/inventory.py,93,"random.random() used for security token generation at line 20, use secrets module",CWE-327,bandit,DAST-01269,CORS_MISCONFIGURATION,HIGH,/api/v1/users,CORS wildcard Access-Control-Allow-Origin: * at /api/v1/users with credentials,CWE-942,http-scanner,0,0.26,CVE-2023-80670
SAST-00606,COMMAND_INJECTION,CRITICAL,api/controllers/billing.py,42,Command injection risk: subprocess call with user-controlled argument in update_profile,CWE-78,semgrep,DAST-00606,COMMAND_INJECTION,HIGH,/api/v1/orders,RCE confirmed: shell command output in response body for parameter 'email',CWE-78,http-scanner,0,0.3,CVE-2024-93220
SAST-00180,SENSITIVE_DATA_EXPOSURE,LOW,api/controllers/profile.py,227,Credit card number present in debug log output at line 62,CWE-200,semgrep,DAST-00180,SENSITIVE_DATA_EXPOSURE,MEDIUM,/api/v1/profile,Password hash returned in API response at /api/v1/profile without authorization,CWE-200,http-scanner,1,0.97,CVE-2021-86930
SAST-00301,SENSITIVE_DATA_EXPOSURE,LOW,api/controllers/users.py,296,PII returned in API response without field filtering in users,CWE-200,semgrep,DAST-00301,INFO_DISCLOSURE,MEDIUM,/api/v1/users,Stack trace with internal file paths returned in HTTP 500 response at /api/v1/users,CWE-200,http-scanner,1,0.81,CVE-2023-77120
SAST-00496,SQL_INJECTION,HIGH,api/controllers/payments.py,113,Database query uses callback directly from request object without parameterized statement,CWE-89,bandit,DAST-00496,SQL_INJECTION,HIGH,/api/v1/billing,Boolean-based blind SQLi detected at parameter 'callback' in endpoint /api/v1/billing,CWE-89,http-scanner,1,0.81,CVE-2023-20560
SAST-01288,WEAK_CRYPTO,MEDIUM,api/controllers/billing.py,320,MD5 hash used for password storage in search — use bcrypt or Argon2,CWE-327,semgrep,DAST-01288,MISSING_SECURITY_HEADERS,LOW,/api/v1/inventory,"Strict-Transport-Security missing, HTTP downgrade possible at /api/v1/inventory",CWE-693,owasp-zap,0,0.24,CVE-2023-25890
SAST-01077,SENSITIVE_DATA_EXPOSURE,MEDIUM,api/controllers/payments.py,216,PII returned in API response without field filtering in payments,CWE-200,semgrep,DAST-01077,COMMAND_INJECTION,CRITICAL,/api/v1/payments,"Server returns /etc/passwd content, command injection confirmed at /api/v1/payments",CWE-78,owasp-zap,0,0.44,CVE-2021-20130
SAST-00517,COMMAND_INJECTION,CRITICAL,api/controllers/payments.py,253,"Popen with shell=True and user input 'name', command injection vector in payments",CWE-78,bandit,DAST-00517,COMMAND_INJECTION,CRITICAL,/api/v1/billing,OS command output detected in HTTP response after injection probe on 'next',CWE-78,owasp-zap,1,0.81,CVE-2023-43130
